{
	"format_version": "1.12.0",
	"minecraft:geometry": [
		{
			"description": {
				"identifier": "geometry.unknown",
				"texture_width": 128,
				"texture_height": 128,
				"visible_bounds_width": 2,
				"visible_bounds_height": 3.5,
				"visible_bounds_offset": [0, 1.25, 0]
			},
			"bones": [
				{
					"name": "bench_leg",
					"pivot": [0, 0, 0],
					"cubes": [
						{
							"origin": [-7, 0, -6],
							"size": [8, 2.0625, 12],
							"uv": {
								"north": {"uv": [48, 85], "uv_size": [8, 2.0625]},
								"east": {"uv": [82, 15], "uv_size": [12, 2.0625]},
								"south": {"uv": [0, 87], "uv_size": [8, 2.0625]},
								"west": {"uv": [82, 54], "uv_size": [12, 2.0625]},
								"up": {"uv": [8, 62], "uv_size": [8, 12]},
								"down": {"uv": [64, 51], "uv_size": [8, -12]}
							}
						},
						{
							"origin": [-6.4375, 2.0625, -6.3125],
							"size": [8, 10.9375, 1],
							"inflate": 0.001,
							"pivot": [-5.9375, 5.0625, -5.3125],
							"rotation": [0, 37.5, 0],
							"uv": {
								"north": {"uv": [45, 66], "uv_size": [8, 10.9375]},
								"east": {"uv": [63, 89], "uv_size": [1, 10.9375]},
								"south": {"uv": [53, 66], "uv_size": [8, 10.9375]},
								"west": {"uv": [64, 89], "uv_size": [1, 10.9375]},
								"up": {"uv": [44, 91], "uv_size": [8, 1]},
								"down": {"uv": [44, 93], "uv_size": [8, -1]}
							}
						},
						{
							"origin": [-7, 0, -6],
							"size": [8, 13, 12],
							"inflate": 0.001,
							"uv": {
								"east": {"uv": [54, 0], "uv_size": [12, 13]},
								"south": {"uv": [0, 62], "uv_size": [8, 13]},
								"west": {"uv": [54, 13], "uv_size": [12, 13]},
								"up": {"uv": [66, 0], "uv_size": [8, 12]},
								"down": {"uv": [66, 24], "uv_size": [8, -12]}
							}
						},
						{
							"origin": [16, 0, -6],
							"size": [7, 2, 12],
							"uv": {
								"north": {"uv": [87, 72], "uv_size": [7, 2]},
								"east": {"uv": [82, 59], "uv_size": [12, 2]},
								"south": {"uv": [87, 74], "uv_size": [7, 2]},
								"west": {"uv": [82, 61], "uv_size": [12, 2]},
								"up": {"uv": [61, 66], "uv_size": [7, 12]},
								"down": {"uv": [68, 78], "uv_size": [7, -12]}
							}
						},
						{
							"origin": [22, 2, -6],
							"size": [1, 8, 6],
							"uv": {
								"north": {"uv": [7, 75], "uv_size": [1, 8]},
								"east": {"uv": [75, 48], "uv_size": [6, 8]},
								"south": {"uv": [7, 90], "uv_size": [1, 8]},
								"west": {"uv": [75, 66], "uv_size": [6, 8]},
								"up": {"uv": [2, 92], "uv_size": [1, 6]},
								"down": {"uv": [3, 98], "uv_size": [1, -6]}
							}
						},
						{
							"origin": [16.5, 2, -5.5],
							"size": [5.5, 8, 5.5],
							"uv": {
								"north": {"uv": [75, 74], "uv_size": [5.5, 8]},
								"east": {"uv": [76, 56], "uv_size": [5.5, 8]},
								"south": {"uv": [45, 77], "uv_size": [5.5, 8]},
								"west": {"uv": [51, 77], "uv_size": [5.5, 8]},
								"up": {"uv": [81, 64], "uv_size": [5.5, 5.5]},
								"down": {"uv": [81, 75.5], "uv_size": [5.5, -5.5]}
							}
						},
						{
							"origin": [16, 10, -6],
							"size": [7, 3, 6],
							"uv": {
								"north": {"uv": [7, 84], "uv_size": [7, 3]},
								"east": {"uv": [54, 26], "uv_size": [6, 3]},
								"south": {"uv": [57, 84], "uv_size": [7, 3]},
								"west": {"uv": [64, 84], "uv_size": [6, 3]},
								"up": {"uv": [57, 78], "uv_size": [7, 6]},
								"down": {"uv": [64, 84], "uv_size": [7, -6]}
							}
						},
						{
							"origin": [16, 2, 0],
							"size": [7, 11, 6],
							"uv": {
								"north": {"uv": [32, 74], "uv_size": [7, 11]},
								"east": {"uv": [16, 62], "uv_size": [6, 11]},
								"south": {"uv": [0, 75], "uv_size": [7, 11]},
								"west": {"uv": [39, 74], "uv_size": [6, 11]},
								"up": {"uv": [80, 32], "uv_size": [7, 6]},
								"down": {"uv": [81, 54], "uv_size": [7, -6]}
							}
						},
						{
							"origin": [15, 0, -6],
							"size": [1, 13, 12],
							"uv": {
								"north": {"uv": [10, 87], "uv_size": [1, 13]},
								"east": {"uv": [22, 60], "uv_size": [12, 13]},
								"south": {"uv": [11, 87], "uv_size": [1, 13]},
								"west": {"uv": [60, 26], "uv_size": [12, 13]},
								"up": {"uv": [28, 89], "uv_size": [1, 12]},
								"down": {"uv": [29, 101], "uv_size": [1, -12]}
							}
						},
						{
							"origin": [-7, 2, -4],
							"size": [8, 2, 10],
							"uv": {
								"north": {"uv": [28, 87], "uv_size": [8, 2]},
								"east": {"uv": [28, 85], "uv_size": [10, 2]},
								"south": {"uv": [87, 32], "uv_size": [8, 2]},
								"west": {"uv": [38, 85], "uv_size": [10, 2]},
								"up": {"uv": [72, 32], "uv_size": [8, 10]},
								"down": {"uv": [16, 83], "uv_size": [8, -10]}
							}
						},
						{
							"origin": [-7, 6, -4],
							"size": [8, 2, 10],
							"uv": {
								"north": {"uv": [87, 34], "uv_size": [8, 2]},
								"east": {"uv": [85, 42], "uv_size": [10, 2]},
								"south": {"uv": [36, 87], "uv_size": [8, 2]},
								"west": {"uv": [85, 44], "uv_size": [10, 2]},
								"up": {"uv": [24, 73], "uv_size": [8, 10]},
								"down": {"uv": [74, 10], "uv_size": [8, -10]}
							}
						},
						{
							"origin": [-7, 10, -4],
							"size": [8, 2, 10],
							"uv": {
								"north": {"uv": [87, 36], "uv_size": [8, 2]},
								"east": {"uv": [85, 46], "uv_size": [10, 2]},
								"south": {"uv": [57, 87], "uv_size": [8, 2]},
								"west": {"uv": [83, 86], "uv_size": [10, 2]},
								"up": {"uv": [8, 74], "uv_size": [8, 10]},
								"down": {"uv": [74, 20], "uv_size": [8, -10]}
							}
						},
						{
							"origin": [-3.4375, 9, -9],
							"size": [2, 0.625, 1],
							"pivot": [-3.4375, 9, -9],
							"rotation": [0, 37.5, 0],
							"uv": {
								"north": {"uv": [79, 95], "uv_size": [2, 0.625]},
								"east": {"uv": [96, 96], "uv_size": [1, 0.625]},
								"south": {"uv": [81, 95], "uv_size": [2, 0.625]},
								"west": {"uv": [97, 0], "uv_size": [1, 0.625]},
								"up": {"uv": [32, 73], "uv_size": [2, 1]},
								"down": {"uv": [95, 34], "uv_size": [2, -1]}
							}
						},
						{
							"origin": [-3.4375, 6.3125, -9],
							"size": [2, 0.6875, 1],
							"pivot": [-3.4375, 6, -9],
							"rotation": [0, 37.5, 0],
							"uv": {
								"north": {"uv": [95, 61], "uv_size": [2, 0.6875]},
								"east": {"uv": [96, 94], "uv_size": [1, 0.6875]},
								"south": {"uv": [77, 95], "uv_size": [2, 0.6875]},
								"west": {"uv": [96, 95], "uv_size": [1, 0.6875]},
								"up": {"uv": [95, 34], "uv_size": [2, 1]},
								"down": {"uv": [95, 36], "uv_size": [2, -1]}
							}
						},
						{
							"origin": [-3.125, 8.1875, -10.5],
							"size": [3.3125, 0.625, 1],
							"pivot": [-1.4375, 8, -10.5],
							"rotation": [-37.5, 0, -90],
							"uv": {
								"north": {"uv": [44, 87], "uv_size": [3.3125, 0.625]},
								"east": {"uv": [97, 1], "uv_size": [1, 0.625]},
								"south": {"uv": [94, 75], "uv_size": [3.3125, 0.625]},
								"west": {"uv": [97, 2], "uv_size": [1, 0.625]},
								"up": {"uv": [60, 43], "uv_size": [3.3125, 1]},
								"down": {"uv": [57, 78], "uv_size": [3.3125, -1]}
							}
						},
						{
							"origin": [-3.375, 8.5625, -9.5625],
							"size": [2, 0.3125, 1],
							"pivot": [-2.375, 8, -9.5625],
							"rotation": [-37.5, 0, -90],
							"uv": {
								"north": {"uv": [4, 97], "uv_size": [2, 0.3125]},
								"east": {"uv": [52, 97], "uv_size": [1, 0.3125]},
								"south": {"uv": [16, 97], "uv_size": [2, 0.3125]},
								"west": {"uv": [97, 54], "uv_size": [1, 0.3125]},
								"up": {"uv": [36, 95], "uv_size": [2, 1]},
								"down": {"uv": [95, 37], "uv_size": [2, -1]}
							}
						},
						{
							"origin": [0.73288, -0.34163, -6],
							"size": [1, 2.3125, 12],
							"inflate": -0.001,
							"pivot": [1.29094, 1.41281, -5.5],
							"rotation": [0, 0, -62.5],
							"uv": {
								"north": {"uv": [44, 94], "uv_size": [1, 2.3125]},
								"east": {"uv": [80, 38], "uv_size": [12, 2.3125]},
								"south": {"uv": [45, 94], "uv_size": [1, 2.3125]},
								"west": {"uv": [81, 76], "uv_size": [12, 2.3125]},
								"up": {"uv": [30, 89], "uv_size": [1, 12]},
								"down": {"uv": [31, 101], "uv_size": [1, -12]}
							}
						},
						{
							"origin": [1, 0, -6],
							"size": [2.0625, 1, 12],
							"uv": {
								"north": {"uv": [81, 94], "uv_size": [2.0625, 1]},
								"east": {"uv": [64, 59], "uv_size": [12, 1]},
								"south": {"uv": [84, 94], "uv_size": [2.0625, 1]},
								"west": {"uv": [32, 89], "uv_size": [12, 1]},
								"up": {"uv": [71, 78], "uv_size": [2.0625, 12]},
								"down": {"uv": [74, 94], "uv_size": [2.0625, -12]}
							}
						},
						{
							"origin": [-0.60937, 11.02441, -10.96189],
							"size": [1, 2.3125, 1.001],
							"inflate": -0.001,
							"pivot": [-0.05131, 11.58247, -10.46189],
							"rotation": [34.24027, 16.32555, 67.55969],
							"uv": {
								"north": {"uv": [46, 94], "uv_size": [1, 2.3125]},
								"east": {"uv": [47, 94], "uv_size": [1, 2.3125]},
								"south": {"uv": [48, 94], "uv_size": [1, 2.3125]},
								"west": {"uv": [49, 94], "uv_size": [1, 2.3125]},
								"up": {"uv": [59, 29], "uv_size": [1, 1]},
								"down": {"uv": [74, 82], "uv_size": [1, -1]}
							}
						},
						{
							"origin": [0.73288, 11.02913, -6.001],
							"size": [1, 2.3125, 12.001],
							"inflate": -0.001,
							"pivot": [1.29094, 11.58719, -5.5],
							"rotation": [0, 0, 62.5],
							"uv": {
								"north": {"uv": [50, 94], "uv_size": [1, 2.3125]},
								"east": {"uv": [81, 79], "uv_size": [12, 2.3125]},
								"south": {"uv": [51, 94], "uv_size": [1, 2.3125]},
								"west": {"uv": [82, 0], "uv_size": [12, 2.3125]},
								"up": {"uv": [57, 89], "uv_size": [1, 12]},
								"down": {"uv": [58, 101], "uv_size": [1, -12]}
							}
						},
						{
							"origin": [-0.80257, 12.001, -11.28173],
							"size": [2.0625, 1, 1],
							"pivot": [0.19743, 13.001, -11.28173],
							"rotation": [0, 37.5, 0],
							"uv": {
								"north": {"uv": [87, 94], "uv_size": [2.0625, 1]},
								"east": {"uv": [7, 83], "uv_size": [1, 1]},
								"south": {"uv": [4, 95], "uv_size": [2.0625, 1]},
								"west": {"uv": [83, 95], "uv_size": [1, 1]},
								"up": {"uv": [95, 14], "uv_size": [2.0625, 1]},
								"down": {"uv": [95, 16], "uv_size": [2.0625, -1]}
							}
						},
						{
							"origin": [1, 12, -6],
							"size": [2.0625, 1, 12],
							"uv": {
								"north": {"uv": [16, 95], "uv_size": [2.0625, 1]},
								"east": {"uv": [83, 89], "uv_size": [12, 1]},
								"south": {"uv": [95, 16], "uv_size": [2.0625, 1]},
								"west": {"uv": [32, 90], "uv_size": [12, 1]},
								"up": {"uv": [77, 82], "uv_size": [2.0625, 12]},
								"down": {"uv": [80, 94], "uv_size": [2.0625, -12]}
							}
						},
						{
							"origin": [14.26712, 11.02913, -6],
							"size": [1, 2.3125, 12],
							"inflate": -0.001,
							"pivot": [14.70906, 11.58719, -5.5],
							"rotation": [0, 0, -62.5],
							"uv": {
								"north": {"uv": [52, 94], "uv_size": [1, 2.3125]},
								"east": {"uv": [82, 3], "uv_size": [12, 2.3125]},
								"south": {"uv": [94, 54], "uv_size": [1, 2.3125]},
								"west": {"uv": [82, 6], "uv_size": [12, 2.3125]},
								"up": {"uv": [59, 89], "uv_size": [1, 12]},
								"down": {"uv": [60, 101], "uv_size": [1, -12]}
							}
						},
						{
							"origin": [12.9375, 12, -6],
							"size": [2.0625, 1, 12],
							"uv": {
								"north": {"uv": [19, 95], "uv_size": [2.0625, 1]},
								"east": {"uv": [83, 90], "uv_size": [12, 1]},
								"south": {"uv": [22, 95], "uv_size": [2.0625, 1]},
								"west": {"uv": [32, 91], "uv_size": [12, 1]},
								"up": {"uv": [16, 83], "uv_size": [2.0625, 12]},
								"down": {"uv": [19, 95], "uv_size": [2.0625, -12]}
							}
						},
						{
							"origin": [12.9375, 0, -6],
							"size": [2.0625, 1, 12],
							"uv": {
								"north": {"uv": [25, 95], "uv_size": [2.0625, 1]},
								"east": {"uv": [83, 91], "uv_size": [12, 1]},
								"south": {"uv": [95, 32], "uv_size": [2.0625, 1]},
								"west": {"uv": [32, 92], "uv_size": [12, 1]},
								"up": {"uv": [22, 83], "uv_size": [2.0625, 12]},
								"down": {"uv": [25, 95], "uv_size": [2.0625, -12]}
							}
						},
						{
							"origin": [14.26712, -0.34163, -6],
							"size": [1, 2.3125, 12],
							"inflate": -0.001,
							"pivot": [14.70906, 1.41281, -5.5],
							"rotation": [0, 0, 62.5],
							"uv": {
								"north": {"uv": [94, 59], "uv_size": [1, 2.3125]},
								"east": {"uv": [82, 9], "uv_size": [12, 2.3125]},
								"south": {"uv": [94, 72], "uv_size": [1, 2.3125]},
								"west": {"uv": [82, 12], "uv_size": [12, 2.3125]},
								"up": {"uv": [61, 89], "uv_size": [1, 12]},
								"down": {"uv": [62, 101], "uv_size": [1, -12]}
							}
						},
						{
							"origin": [-4.4375, 2, 0],
							"size": [11, 8, 1],
							"pivot": [1.0625, 5, 0],
							"rotation": [0, -90, 0],
							"uv": {
								"north": {"uv": [57.9375, 114.375], "uv_size": [21.9375, 13.625]}
							}
						},
						{
							"origin": [9.4375, 2, 0],
							"size": [11, 8, 1],
							"pivot": [14.9375, 5, 0],
							"rotation": [0, 90, 0],
							"uv": {
								"north": {"uv": [58.4375, 114.4375], "uv_size": [21.125, 13.5625]}
							}
						}
					]
				},
				{
					"name": "octagon",
					"parent": "bench_leg",
					"pivot": [21, 11.375, -6],
					"rotation": [87.5, 0, 0],
					"cubes": [
						{
							"origin": [20.58579, 10.875, -7],
							"size": [0.82843, 1, 0.5],
							"pivot": [21, 11.375, -6],
							"rotation": [0, -45, 0],
							"uv": {
								"north": {"uv": [78, 96], "uv_size": [0.8125, 1]},
								"east": {"uv": [6, 97], "uv_size": [0.5, 1]},
								"south": {"uv": [79, 96], "uv_size": [0.8125, 1]},
								"west": {"uv": [18, 97], "uv_size": [0.5, 1]},
								"up": {"uv": [37, 97], "uv_size": [0.8125, 0.5]},
								"down": {"uv": [97, 37.5], "uv_size": [0.8125, -0.5]}
							}
						},
						{
							"origin": [20.58579, 10.875, -7],
							"size": [0.82843, 1, 0.5],
							"uv": {
								"north": {"uv": [80, 96], "uv_size": [0.8125, 1]},
								"east": {"uv": [19, 97], "uv_size": [0.5, 1]},
								"south": {"uv": [81, 96], "uv_size": [0.8125, 1]},
								"west": {"uv": [20, 97], "uv_size": [0.5, 1]},
								"up": {"uv": [38, 97], "uv_size": [0.8125, 0.5]},
								"down": {"uv": [39, 97.5], "uv_size": [0.8125, -0.5]}
							}
						},
						{
							"origin": [20.58579, 10.875, -5.5],
							"size": [0.82843, 1, 0.5],
							"pivot": [21, 11.375, -6],
							"rotation": [0, -45, 0],
							"uv": {
								"north": {"uv": [82, 96], "uv_size": [0.8125, 1]},
								"east": {"uv": [21, 97], "uv_size": [0.5, 1]},
								"south": {"uv": [83, 96], "uv_size": [0.8125, 1]},
								"west": {"uv": [22, 97], "uv_size": [0.5, 1]},
								"up": {"uv": [40, 97], "uv_size": [0.8125, 0.5]},
								"down": {"uv": [41, 97.5], "uv_size": [0.8125, -0.5]}
							}
						},
						{
							"origin": [20.58579, 10.875, -5.5],
							"size": [0.82843, 1, 0.5],
							"uv": {
								"north": {"uv": [84, 96], "uv_size": [0.8125, 1]},
								"east": {"uv": [23, 97], "uv_size": [0.5, 1]},
								"south": {"uv": [85, 96], "uv_size": [0.8125, 1]},
								"west": {"uv": [24, 97], "uv_size": [0.5, 1]},
								"up": {"uv": [42, 97], "uv_size": [0.8125, 0.5]},
								"down": {"uv": [97, 42.5], "uv_size": [0.8125, -0.5]}
							}
						},
						{
							"origin": [21.5, 10.875, -6.41421],
							"size": [0.5, 1, 0.82843],
							"pivot": [21, 11.375, -6],
							"rotation": [0, -45, 0],
							"uv": {
								"north": {"uv": [25, 97], "uv_size": [0.5, 1]},
								"east": {"uv": [86, 96], "uv_size": [0.8125, 1]},
								"south": {"uv": [26, 97], "uv_size": [0.5, 1]},
								"west": {"uv": [87, 96], "uv_size": [0.8125, 1]},
								"up": {"uv": [43, 97], "uv_size": [0.5, 0.8125]},
								"down": {"uv": [97, 43.8125], "uv_size": [0.5, -0.8125]}
							}
						},
						{
							"origin": [21.5, 10.875, -6.41421],
							"size": [0.5, 1, 0.82843],
							"uv": {
								"north": {"uv": [27, 97], "uv_size": [0.5, 1]},
								"east": {"uv": [88, 96], "uv_size": [0.8125, 1]},
								"south": {"uv": [97, 33], "uv_size": [0.5, 1]},
								"west": {"uv": [89, 96], "uv_size": [0.8125, 1]},
								"up": {"uv": [44, 97], "uv_size": [0.5, 0.8125]},
								"down": {"uv": [97, 44.8125], "uv_size": [0.5, -0.8125]}
							}
						},
						{
							"origin": [20, 10.875, -6.41421],
							"size": [0.5, 1, 0.82843],
							"pivot": [21, 11.375, -6],
							"rotation": [0, -45, 0],
							"uv": {
								"north": {"uv": [97, 34], "uv_size": [0.5, 1]},
								"east": {"uv": [96, 89], "uv_size": [0.8125, 1]},
								"south": {"uv": [97, 35], "uv_size": [0.5, 1]},
								"west": {"uv": [90, 96], "uv_size": [0.8125, 1]},
								"up": {"uv": [45, 97], "uv_size": [0.5, 0.8125]},
								"down": {"uv": [97, 45.8125], "uv_size": [0.5, -0.8125]}
							}
						},
						{
							"origin": [20, 10.875, -6.41421],
							"size": [0.5, 1, 0.82843],
							"uv": {
								"north": {"uv": [36, 97], "uv_size": [0.5, 1]},
								"east": {"uv": [96, 90], "uv_size": [0.8125, 1]},
								"south": {"uv": [97, 36], "uv_size": [0.5, 1]},
								"west": {"uv": [91, 96], "uv_size": [0.8125, 1]},
								"up": {"uv": [46, 97], "uv_size": [0.5, 0.8125]},
								"down": {"uv": [97, 46.8125], "uv_size": [0.5, -0.8125]}
							}
						}
					]
				},
				{
					"name": "bench_body",
					"pivot": [0, 3, 0],
					"cubes": [
						{
							"origin": [-8, 13, -7],
							"size": [32, 1, 15],
							"uv": {
								"north": {"uv": [74, 20], "uv_size": [32, 1]},
								"east": {"uv": [87, 68], "uv_size": [15, 1]},
								"south": {"uv": [74, 21], "uv_size": [32, 1]},
								"west": {"uv": [87, 69], "uv_size": [15, 1]},
								"up": {"uv": [0, 0], "uv_size": [32, 15]},
								"down": {"uv": [0, 30], "uv_size": [32, -15]}
							}
						},
						{
							"origin": [-7, 14, -7],
							"size": [30, 1, 14],
							"uv": {
								"north": {"uv": [74, 22], "uv_size": [30, 1]},
								"east": {"uv": [88, 48], "uv_size": [14, 1]},
								"south": {"uv": [74, 23], "uv_size": [30, 1]},
								"west": {"uv": [88, 49], "uv_size": [14, 1]},
								"up": {"uv": [0, 30], "uv_size": [30, 14]},
								"down": {"uv": [30, 44], "uv_size": [30, -14]}
							}
						},
						{
							"origin": [-6.6875, 16.0625, -5.56727],
							"size": [0.6875, 0.42114, 11.12977],
							"uv": {
								"north": {"uv": [97, 59], "uv_size": [0.6875, 0.4375]},
								"east": {"uv": [94, 4], "uv_size": [11.125, 0.4375]},
								"south": {"uv": [97, 60], "uv_size": [0.6875, 0.4375]},
								"west": {"uv": [94, 5], "uv_size": [11.125, 0.4375]},
								"up": {"uv": [71, 90], "uv_size": [0.6875, 11.125]},
								"down": {"uv": [72, 101.125], "uv_size": [0.6875, -11.125]}
							}
						},
						{
							"origin": [-6.6875, 14.85653, -6.76644],
							"size": [0.6875, 0.40677, 2.0625],
							"pivot": [-6, 14.85653, -6.57306],
							"rotation": [46, 0, 0],
							"uv": {
								"north": {"uv": [97, 61], "uv_size": [0.6875, 0.4375]},
								"east": {"uv": [22, 96], "uv_size": [2.0625, 0.4375]},
								"south": {"uv": [97, 72], "uv_size": [0.6875, 0.4375]},
								"west": {"uv": [25, 96], "uv_size": [2.0625, 0.4375]},
								"up": {"uv": [66, 95], "uv_size": [0.6875, 2.0625]},
								"down": {"uv": [67, 97.0625], "uv_size": [0.6875, -2.0625]}
							}
						},
						{
							"origin": [-6.6875, 14.85653, 4.70394],
							"size": [0.6875, 0.40677, 2.0625],
							"pivot": [-6, 14.85653, 6.57306],
							"rotation": [-46, 0, 0],
							"uv": {
								"north": {"uv": [97, 73], "uv_size": [0.6875, 0.4375]},
								"east": {"uv": [36, 96], "uv_size": [2.0625, 0.4375]},
								"south": {"uv": [97, 74], "uv_size": [0.6875, 0.4375]},
								"west": {"uv": [39, 96], "uv_size": [2.0625, 0.4375]},
								"up": {"uv": [68, 95], "uv_size": [0.6875, 2.0625]},
								"down": {"uv": [69, 97.0625], "uv_size": [0.6875, -2.0625]}
							}
						},
						{
							"origin": [22, 14.85653, 4.70394],
							"size": [0.6875, 0.40677, 2.0625],
							"pivot": [22, 14.85653, 6.57306],
							"rotation": [-46, 0, 0],
							"uv": {
								"north": {"uv": [78, 97], "uv_size": [0.6875, 0.4375]},
								"east": {"uv": [96, 64], "uv_size": [2.0625, 0.4375]},
								"south": {"uv": [79, 97], "uv_size": [0.6875, 0.4375]},
								"west": {"uv": [96, 65], "uv_size": [2.0625, 0.4375]},
								"up": {"uv": [95, 72], "uv_size": [0.6875, 2.0625]},
								"down": {"uv": [74, 97.0625], "uv_size": [0.6875, -2.0625]}
							}
						},
						{
							"origin": [22, 16.125, -5.56727],
							"size": [0.6875, 0.35864, 11.12977],
							"uv": {
								"north": {"uv": [84, 97], "uv_size": [0.6875, 0.375]},
								"east": {"uv": [94, 8], "uv_size": [11.125, 0.375]},
								"south": {"uv": [85, 97], "uv_size": [0.6875, 0.375]},
								"west": {"uv": [94, 9], "uv_size": [11.125, 0.375]},
								"up": {"uv": [73, 90], "uv_size": [0.6875, 11.125]},
								"down": {"uv": [53, 102.125], "uv_size": [0.6875, -11.125]}
							}
						},
						{
							"origin": [22, 14.85653, -6.76644],
							"size": [0.6875, 0.40677, 2.0625],
							"pivot": [22, 14.85653, -6.57306],
							"rotation": [46, 0, 0],
							"uv": {
								"north": {"uv": [80, 97], "uv_size": [0.6875, 0.4375]},
								"east": {"uv": [96, 66], "uv_size": [2.0625, 0.4375]},
								"south": {"uv": [81, 97], "uv_size": [0.6875, 0.4375]},
								"west": {"uv": [96, 67], "uv_size": [2.0625, 0.4375]},
								"up": {"uv": [75, 95], "uv_size": [0.6875, 2.0625]},
								"down": {"uv": [76, 97.0625], "uv_size": [0.6875, -2.0625]}
							}
						},
						{
							"origin": [-2.01886, 15, 0],
							"size": [22.01886, 1.14829, 6],
							"inflate": 0.001,
							"uv": {
								"north": {"uv": [82, 18], "uv_size": [22, 1.125]},
								"east": {"uv": [93, 86], "uv_size": [6, 1.125]},
								"south": {"uv": [82, 57], "uv_size": [22, 1.125]},
								"west": {"uv": [90, 93], "uv_size": [6, 1.125]},
								"up": {"uv": [32, 18], "uv_size": [22, 6]},
								"down": {"uv": [32, 30], "uv_size": [22, -6]}
							}
						},
						{
							"origin": [-1.46877, 16.13786, 0.46875],
							"size": [20.93754, 0.45589, 5.53125],
							"inflate": -0.001,
							"uv": {
								"north": {"uv": [93, 51], "uv_size": [20.9375, 0.4375]},
								"east": {"uv": [94, 17], "uv_size": [5.5625, 0.4375]},
								"south": {"uv": [93, 52], "uv_size": [20.9375, 0.4375]},
								"west": {"uv": [36, 94], "uv_size": [5.5625, 0.4375]},
								"up": {"uv": [34, 60], "uv_size": [20.9375, 5.5625]},
								"down": {"uv": [55, 65.5625], "uv_size": [20.9375, -5.5625]}
							}
						},
						{
							"origin": [-2.57369, 15.95732, 0.02999],
							"size": [0.52556, 0.69713, 4.97001],
							"pivot": [-2.08485, 15.46584, 5],
							"rotation": [0, 0, 51],
							"uv": {
								"north": {"uv": [48, 97], "uv_size": [0.5, 0.6875]},
								"east": {"uv": [94, 10], "uv_size": [5, 0.6875]},
								"south": {"uv": [49, 97], "uv_size": [0.5, 0.6875]},
								"west": {"uv": [94, 11], "uv_size": [5, 0.6875]},
								"up": {"uv": [32, 94], "uv_size": [0.5, 5]},
								"down": {"uv": [33, 99], "uv_size": [0.5, -5]}
							}
						},
						{
							"origin": [20.06111, 15.97088, 0.03125],
							"size": [0.51258, 0.68861, 4.96875],
							"pivot": [20.08485, 15.46584, 5],
							"rotation": [0, 0, -51],
							"uv": {
								"north": {"uv": [50, 97], "uv_size": [0.5, 0.6875]},
								"east": {"uv": [94, 12], "uv_size": [5, 0.6875]},
								"south": {"uv": [51, 97], "uv_size": [0.5, 0.6875]},
								"west": {"uv": [94, 13], "uv_size": [5, 0.6875]},
								"up": {"uv": [34, 94], "uv_size": [0.5, 5]},
								"down": {"uv": [35, 99], "uv_size": [0.5, -5]}
							}
						},
						{
							"origin": [-1.46847, 16.19295, -0.2533],
							"size": [20.93754, 0.65755, 1.07346],
							"pivot": [0.58649, 15.85539, -0.20711],
							"rotation": [-45.02618, -0.01637, -0.00849],
							"uv": {
								"north": {"uv": [87, 70], "uv_size": [20.9375, 0.6875]},
								"east": {"uv": [96, 93], "uv_size": [1.0625, 0.6875]},
								"south": {"uv": [87, 71], "uv_size": [20.9375, 0.6875]},
								"west": {"uv": [94, 96], "uv_size": [1.0625, 0.6875]},
								"up": {"uv": [83, 82], "uv_size": [20.9375, 1.0625]},
								"down": {"uv": [83, 85.0625], "uv_size": [20.9375, -1.0625]}
							}
						},
						{
							"origin": [-8, 13, -8],
							"size": [11, 1, 1],
							"uv": {
								"north": {"uv": [93, 28], "uv_size": [11, 1]},
								"east": {"uv": [84, 95], "uv_size": [1, 1]},
								"south": {"uv": [93, 29], "uv_size": [11, 1]},
								"west": {"uv": [85, 95], "uv_size": [1, 1]},
								"up": {"uv": [93, 30], "uv_size": [11, 1]},
								"down": {"uv": [93, 32], "uv_size": [11, -1]}
							}
						},
						{
							"origin": [4, 13, -7.3125],
							"size": [7, 1, 0.3125],
							"uv": {
								"north": {"uv": [0, 86], "uv_size": [7, 1]},
								"east": {"uv": [97, 55], "uv_size": [0.3125, 1]},
								"south": {"uv": [83, 93], "uv_size": [7, 1]},
								"west": {"uv": [97, 56], "uv_size": [0.3125, 1]},
								"up": {"uv": [94, 62], "uv_size": [7, 0.3125]},
								"down": {"uv": [74, 94.3125], "uv_size": [7, -0.3125]}
							}
						},
						{
							"origin": [12, 13, -8],
							"size": [12, 1, 1],
							"uv": {
								"north": {"uv": [92, 38], "uv_size": [12, 1]},
								"east": {"uv": [86, 95], "uv_size": [1, 1]},
								"south": {"uv": [92, 39], "uv_size": [12, 1]},
								"west": {"uv": [87, 95], "uv_size": [1, 1]},
								"up": {"uv": [92, 40], "uv_size": [12, 1]},
								"down": {"uv": [83, 93], "uv_size": [12, -1]}
							}
						},
						{
							"origin": [2.99188, 13, -7.98039],
							"size": [1.4375, 1, 1],
							"pivot": [3.01961, 13, -7.98039],
							"rotation": [0, -34, 0],
							"uv": {
								"north": {"uv": [95, 45], "uv_size": [1.4375, 1]},
								"east": {"uv": [88, 95], "uv_size": [1, 1]},
								"south": {"uv": [95, 46], "uv_size": [1.4375, 1]},
								"west": {"uv": [89, 95], "uv_size": [1, 1]},
								"up": {"uv": [95, 47], "uv_size": [1.4375, 1]},
								"down": {"uv": [95, 55], "uv_size": [1.4375, -1]}
							}
						},
						{
							"origin": [10.57062, 13, -7.98039],
							"size": [1.4375, 1, 1],
							"pivot": [11.98039, 13, -7.98039],
							"rotation": [0, 34, 0],
							"uv": {
								"north": {"uv": [95, 55], "uv_size": [1.4375, 1]},
								"east": {"uv": [95, 89], "uv_size": [1, 1]},
								"south": {"uv": [95, 56], "uv_size": [1.4375, 1]},
								"west": {"uv": [90, 95], "uv_size": [1, 1]},
								"up": {"uv": [95, 59], "uv_size": [1.4375, 1]},
								"down": {"uv": [95, 61], "uv_size": [1.4375, -1]}
							}
						},
						{
							"origin": [-1.625, 15, -0.0625],
							"size": [4, 1, 1],
							"uv": {
								"north": {"uv": [0.5, 116.5625], "uv_size": [49.6875, 10.9375]}
							}
						}
					]
				},
				{
					"name": "bench_led",
					"pivot": [0, 3, 0],
					"cubes": [
						{
							"origin": [-1.25, 16.5625, 5.375],
							"size": [20.5, 16, 0.625],
							"uv": {
								"north": {"uv": [22, 44], "uv_size": [20.5, 16]},
								"east": {"uv": [0, 90], "uv_size": [0.625, 16]},
								"south": {"uv": [43, 44], "uv_size": [20.5, 16]},
								"west": {"uv": [1, 90], "uv_size": [0.625, 16]},
								"up": {"uv": [88, 53], "uv_size": [20.5, 0.625]},
								"down": {"uv": [83, 88.625], "uv_size": [20.5, -0.625]}
							}
						},
						{
							"origin": [-2, 15, 6],
							"size": [22, 17.5625, 1],
							"uv": {
								"north": {"uv": [32, 0], "uv_size": [22, 17.5625]},
								"east": {"uv": [14, 84], "uv_size": [1, 17.5625]},
								"south": {"uv": [0, 44], "uv_size": [22, 17.5625]},
								"west": {"uv": [15, 84], "uv_size": [1, 17.5625]},
								"up": {"uv": [80, 41], "uv_size": [22, 1]},
								"down": {"uv": [82, 64], "uv_size": [22, -1]}
							}
						},
						{
							"origin": [-2, 16.125, 5],
							"size": [0.75, 16.4375, 1],
							"uv": {
								"north": {"uv": [12, 87], "uv_size": [0.75, 16.4375]},
								"east": {"uv": [70, 84], "uv_size": [1, 16.4375]},
								"south": {"uv": [13, 87], "uv_size": [0.75, 16.4375]},
								"west": {"uv": [56, 85], "uv_size": [1, 16.4375]},
								"up": {"uv": [96, 91], "uv_size": [0.75, 1]},
								"down": {"uv": [92, 97], "uv_size": [0.75, -1]}
							}
						},
						{
							"origin": [19.25, 16.125, 5],
							"size": [0.75, 16.4375, 1],
							"uv": {
								"north": {"uv": [54, 88], "uv_size": [0.75, 16.4375]},
								"east": {"uv": [8, 87], "uv_size": [1, 16.4375]},
								"south": {"uv": [55, 88], "uv_size": [0.75, 16.4375]},
								"west": {"uv": [9, 87], "uv_size": [1, 16.4375]},
								"up": {"uv": [96, 92], "uv_size": [0.75, 1]},
								"down": {"uv": [93, 97], "uv_size": [0.75, -1]}
							}
						},
						{
							"origin": [-1.25, 16, 5],
							"size": [20.5, 4, 0.375],
							"uv": {
								"north": {"uv": [72, 24], "uv_size": [20.5, 4]},
								"east": {"uv": [95, 64], "uv_size": [0.375, 4]},
								"south": {"uv": [72, 28], "uv_size": [20.5, 4]},
								"west": {"uv": [65, 95], "uv_size": [0.375, 4]},
								"up": {"uv": [93, 78], "uv_size": [20.5, 0.375]},
								"down": {"uv": [93, 79.375], "uv_size": [20.5, -0.375]}
							}
						},
						{
							"origin": [-1.25, 32.0625, 5],
							"size": [20.5, 0.5, 0.375],
							"uv": {
								"north": {"uv": [32, 93], "uv_size": [20.5, 0.5]},
								"east": {"uv": [86, 97], "uv_size": [0.375, 0.5]},
								"south": {"uv": [93, 50], "uv_size": [20.5, 0.5]},
								"west": {"uv": [87, 97], "uv_size": [0.375, 0.5]},
								"up": {"uv": [93, 80], "uv_size": [20.5, 0.375]},
								"down": {"uv": [93, 81.375], "uv_size": [20.5, -0.375]}
							}
						},
						{
							"origin": [-0.875, 16, 3],
							"size": [1, 1, 2],
							"inflate": 0.001,
							"uv": {
								"north": {"uv": [95, 90], "uv_size": [1, 1]},
								"east": {"uv": [95, 37], "uv_size": [2, 1]},
								"south": {"uv": [91, 95], "uv_size": [1, 1]},
								"west": {"uv": [38, 95], "uv_size": [2, 1]},
								"up": {"uv": [71, 24], "uv_size": [1, 2]},
								"down": {"uv": [81, 56], "uv_size": [1, -2]}
							}
						},
						{
							"origin": [3.125, 16, 3],
							"size": [8, 1, 2],
							"inflate": 0.001,
							"uv": {
								"north": {"uv": [93, 76], "uv_size": [8, 1]},
								"east": {"uv": [40, 95], "uv_size": [2, 1]},
								"south": {"uv": [93, 77], "uv_size": [8, 1]},
								"west": {"uv": [95, 42], "uv_size": [2, 1]},
								"up": {"uv": [87, 64], "uv_size": [8, 2]},
								"down": {"uv": [87, 68], "uv_size": [8, -2]}
							}
						},
						{
							"origin": [14.125, 16, 3],
							"size": [5, 1, 2],
							"inflate": 0.001,
							"uv": {
								"north": {"uv": [54, 29], "uv_size": [5, 1]},
								"east": {"uv": [95, 43], "uv_size": [2, 1]},
								"south": {"uv": [94, 3], "uv_size": [5, 1]},
								"west": {"uv": [95, 44], "uv_size": [2, 1]},
								"up": {"uv": [66, 24], "uv_size": [5, 2]},
								"down": {"uv": [76, 66], "uv_size": [5, -2]}
							}
						},
						{
							"origin": [8.25, 17, 3],
							"size": [2.875, 2.75, 1],
							"pivot": [6.125, 17, 3],
							"rotation": [-47.5, 0, 0],
							"uv": {
								"north": {"uv": [60, 39], "uv_size": [2.875, 2.75]},
								"east": {"uv": [63, 39], "uv_size": [1, 2.75]},
								"south": {"uv": [72, 48], "uv_size": [2.875, 2.75]},
								"west": {"uv": [75, 56], "uv_size": [1, 2.75]},
								"up": {"uv": [28, 83], "uv_size": [2.875, 1]},
								"down": {"uv": [28, 85], "uv_size": [2.875, -1]}
							}
						},
						{
							"origin": [7.9375, 17, 3.125],
							"size": [0.3125, 2.75, 0.875],
							"pivot": [5.125, 17, 3],
							"rotation": [-47.5, 0, 0],
							"uv": {
								"north": {"uv": [96, 72], "uv_size": [0.3125, 2.75]},
								"east": {"uv": [42, 94], "uv_size": [0.875, 2.75]},
								"south": {"uv": [77, 96], "uv_size": [0.3125, 2.75]},
								"west": {"uv": [43, 94], "uv_size": [0.875, 2.75]},
								"up": {"uv": [82, 97], "uv_size": [0.3125, 0.875]},
								"down": {"uv": [83, 97.875], "uv_size": [0.3125, -0.875]}
							}
						},
						{
							"origin": [3.125, 17, 3],
							"size": [4.8125, 2.75, 1],
							"pivot": [6.125, 17, 3],
							"rotation": [-47.5, 0, 0],
							"uv": {
								"north": {"uv": [49, 88], "uv_size": [4.8125, 2.75]},
								"east": {"uv": [74, 78], "uv_size": [1, 2.75]},
								"south": {"uv": [88, 50], "uv_size": [4.8125, 2.75]},
								"west": {"uv": [6, 92], "uv_size": [1, 2.75]},
								"up": {"uv": [94, 6], "uv_size": [4.8125, 1]},
								"down": {"uv": [94, 8], "uv_size": [4.8125, -1]}
							}
						},
						{
							"origin": [-0.875, 17, 3],
							"size": [1, 2.75, 2],
							"pivot": [2.125, 17, 3],
							"rotation": [-47.5, 0, 0],
							"uv": {
								"north": {"uv": [69, 92], "uv_size": [1, 2.75]},
								"east": {"uv": [4, 92], "uv_size": [2, 2.75]},
								"south": {"uv": [94, 14], "uv_size": [1, 2.75]},
								"west": {"uv": [65, 92], "uv_size": [2, 2.75]},
								"up": {"uv": [31, 83], "uv_size": [1, 2]},
								"down": {"uv": [52, 93], "uv_size": [1, -2]}
							}
						},
						{
							"origin": [14.125, 17, 3],
							"size": [5, 2.75, 2],
							"pivot": [17.125, 17, 3],
							"rotation": [-47.5, 0, 0],
							"uv": {
								"north": {"uv": [65, 87], "uv_size": [5, 2.75]},
								"east": {"uv": [67, 92], "uv_size": [2, 2.75]},
								"south": {"uv": [44, 88], "uv_size": [5, 2.75]},
								"west": {"uv": [94, 0], "uv_size": [2, 2.75]},
								"up": {"uv": [2, 90], "uv_size": [5, 2]},
								"down": {"uv": [65, 92], "uv_size": [5, -2]}
							}
						},
						{
							"origin": [0.125, 17, 4.375],
							"size": [18, 0.625, 0.625],
							"uv": {
								"north": {"uv": [93, 24], "uv_size": [18, 0.625]},
								"east": {"uv": [47, 97], "uv_size": [0.625, 0.625]},
								"south": {"uv": [93, 25], "uv_size": [18, 0.625]},
								"west": {"uv": [97, 47], "uv_size": [0.625, 0.625]},
								"up": {"uv": [93, 26], "uv_size": [18, 0.625]},
								"down": {"uv": [93, 27.625], "uv_size": [18, -0.625]}
							}
						},
						{
							"origin": [4.125, 17.6875, 3.5],
							"size": [1, 1, 1],
							"pivot": [5.125, 17.6875, 3.5],
							"rotation": [-47.5, 0, 0],
							"uv": {
								"north": {"uv": [95, 91], "uv_size": [1, 1]},
								"east": {"uv": [92, 95], "uv_size": [1, 1]},
								"south": {"uv": [95, 92], "uv_size": [1, 1]},
								"west": {"uv": [93, 95], "uv_size": [1, 1]},
								"up": {"uv": [94, 95], "uv_size": [1, 1]},
								"down": {"uv": [95, 96], "uv_size": [1, -1]}
							}
						},
						{
							"origin": [6.125, 17.6875, 3.5],
							"size": [1, 1, 1],
							"pivot": [7.125, 17.6875, 3.5],
							"rotation": [-47.5, 0, 0],
							"uv": {
								"north": {"uv": [96, 0], "uv_size": [1, 1]},
								"east": {"uv": [96, 1], "uv_size": [1, 1]},
								"south": {"uv": [96, 2], "uv_size": [1, 1]},
								"west": {"uv": [4, 96], "uv_size": [1, 1]},
								"up": {"uv": [5, 96], "uv_size": [1, 1]},
								"down": {"uv": [6, 97], "uv_size": [1, -1]}
							}
						},
						{
							"origin": [9.125, 17.6875, 3.5],
							"size": [1, 1, 1],
							"pivot": [10.125, 17.6875, 3.5],
							"rotation": [-47.5, 0, 0],
							"uv": {
								"north": {"uv": [16, 96], "uv_size": [1, 1]},
								"east": {"uv": [17, 96], "uv_size": [1, 1]},
								"south": {"uv": [18, 96], "uv_size": [1, 1]},
								"west": {"uv": [19, 96], "uv_size": [1, 1]},
								"up": {"uv": [20, 96], "uv_size": [1, 1]},
								"down": {"uv": [21, 97], "uv_size": [1, -1]}
							}
						},
						{
							"origin": [2, 23, 5.3125],
							"size": [13, 6, 1],
							"uv": {
								"north": {"uv": [96.75781, 115], "uv_size": [30.61719, 12.83984]}
							}
						}
					]
				}
			]
		}
	]
}