{
	"format_version": "1.12.0",
	"minecraft:geometry": [
		{
			"description": {
				"identifier": "geometry.unknown",
				"texture_width": 16,
				"texture_height": 16,
				"visible_bounds_width": 2,
				"visible_bounds_height": 2.5,
				"visible_bounds_offset": [0, 0.75, 0]
			},
			"bones": [
				{
					"name": "bb_main",
					"pivot": [0, 0, 0],
					"cubes": [
						{
							"origin": [-6, 0, -5],
							"size": [12, 9, 9],
							"uv": {
								"north": {"uv": [0, 1.33025], "uv_size": [15.59353, 12.96998]},
								"east": {"uv": [0.29561, 1.36721], "uv_size": [15.26097, 12.89607]},
								"south": {"uv": [0, 1.36721], "uv_size": [15.74134, 12.93303]},
								"west": {"uv": [0, 1.25635], "uv_size": [15.63048, 13.11778]},
								"up": {"uv": [15.87991, 0.27945], "uv_size": [-15.87991, -0.27945]},
								"down": {"uv": [5.8291, 1.09238], "uv_size": [-3.87067, -1.09238]}
							}
						}
					]
				},
				{
					"name": "positioning",
					"pivot": [0, -0.3, -8]
				},
				{
					"name": "thirdperson_hand",
					"parent": "positioning",
					"pivot": [0, 8.225, 7.65]
				},
				{
					"name": "ground",
					"parent": "positioning",
					"pivot": [0, -1.2, 2.65]
				},
				{
					"name": "fixed",
					"parent": "positioning",
					"pivot": [1.05, 10.375, 3.45],
					"rotation": [0, 90, 0]
				}
			]
		}
	]
}