{
  "ammo": "tacz:9mm",
  "ammo_amount": 12,
  "extended_mag_ammo_amount": [
    17,
    17,
    17
  ],
  "bolt": "closed_bolt",
  "rpm": 345,
  "bullet": {
    "life": 5,
    "tracer_count_interval": 0,
    "extra_damage": {
      "armor_ignore": 0.2,
      "head_shot_multiplier": 2,
      "damage_adjust": [
        {"distance": 30, "damage": 7},
        {"distance": 50, "damage": 5},
        {"distance": "infinite", "damage": 3}
      ]
    },
    "speed": 250,
    "gravity": 0.1,
    "knockback": 0.1,
    "friction": 0.025,
    "ignite": false,
    "pierce": 1
  },
  "reload": {
    "type": "magazine",
    "feed": {
      "empty": 2.5,
      "tactical": 2.0
    },
    "cooldown": {
      "empty": 2.5,
      "tactical": 2.0
    }
  },
  "draw_time": 1.0,
  "put_away_time": 0.5,
  "aim_time": 0.2,
  "sprint_time": 0.2,
  "weight": 0.65,
  "movement_speed": {
    "base": 0,
    "aim": -0.01,
    "reload": -0.05
  },
  "fire_mode": [
    "semi"
  ],
  "recoil": {
        "pitch": [
      {"time": 0, "value": [1.3, 1.3]},
      {"time": 0.02, "value": [1, 1]},
      {"time": 0.05, "value": [1.1, 1.1]},
      {"time": 0.22, "value": [0.05, 0.05]},
      {"time": 0.25, "value": [0, 0]}
    ],
    "yaw": [
      {"time": 0, "value": [-0.75, 0.5]},
      {"time": 0.2, "value": [0, 0]}
    ]
  },
  "hurt_bob_tweak_multiplier": 0.05,
  "inaccuracy": {
    // 站立射击散布
    "stand": 3.7,
    // 移动射击散布
    "move": 4.4,
    // 潜行射击散布
    "sneak": 2.5,
    // 趴下射击散布
    "lie": 1.825,
    // 瞄准射击时散布
    "aim": 0.125
  },
  "allow_attachment_types": [
    "muzzle",
    "laser",
    "extended_mag"
  ]
}