{
  // 指定枪械弹药
  "ammo": "tacz:9mm",
  // 弹容
  "ammo_amount": 12,
  // 扩容弹夹弹药总数
  // 枪栓类型：开膛待机（open_bolt）、闭膛待击（closed_bolt）、手动上膛（manual_action)
  "bolt": "closed_bolt",
  // 每分钟射出弹药量，最大不应超过 1200
  "rpm": 1200,
  // 子弹实体属性
  "bullet": {
    // 寿命，单位秒
    "life": 0.8,
    // 用于霰弹，默认为 1，每发的伤害 / bullet_amount，每次射击扣除一发子弹
    "bullet_amount": 3,
    // 曳光弹间隔数量，没有此字段则不发射曳光弹
    // 设置为 0 则是每发都是曳光弹
    "tracer_count_interval": 0,
    // 额外伤害的内容，为空则表示没有任何额外伤害计算内容
    "extra_damage": {
      // 护甲穿透率，默认为 0，也就是没有穿甲伤害
      "armor_ignore": 0.2,
      // 爆头伤害 x1.5
      "head_shot_multiplier": 2,
      // 距离-伤害分段常函数
      "damage_adjust": [
        {"distance": 30, "damage": 21},
        {"distance": 50, "damage": 15},
        // 如果你忘记写这个无穷，那么超过上述距离，我就认为是 0
        {"distance": "infinite", "damage": 9}
      ]
    },
    // 速度 m/s
    "speed": 250,
    // 重力
    "gravity": 0.1,
    // 击退效果
    "knockback": 0.1,
    // 阻力
    "friction": 0.01,
    // 穿透数
    "pierce": 1
    // 储存爆炸的相关数据，如果没有的话会有一套默认的配置
    // "explosion": {
      // 是否爆炸，默认为 false，如果希望默认爆炸则设置为 true
      // "explode": false,
      // 延时爆炸，单位：秒
      // "delay": 30,
      // 爆炸半径，单位：米（格）
      // "radius": 5,
      // 爆炸伤害
      // "damage": 5,
      // 爆炸导致的击退，默认为 false，需要服务器也开启爆炸击退才能使用
      // "knockback": false
      // 爆炸是否破坏方块，默认为 false，需要服务器也开启爆炸破坏方块才能使用
      // "destroy_block": false
    // }
  },
  // 换弹相关
  "reload": {
    // magazine 是弹匣供弹，manual 是手动供弹，fuel是类燃料罐供弹（消耗一个物品填满）
    "type": "magazine",
    // 弹匣供弹换弹时长（秒），到达此时间点，服务端就更新枪内子弹数量
    "feed": {
      // 空仓换弹
      "empty": 2.92,
      // 战术换弹
      "tactical": 2.25
    },
    // 弹匣供弹总时长（秒），到达此时间点，枪械才可以进行开火、检视等行为。
    "cooldown": {
      // 空仓换弹
      "empty": 3,
      // 战术换弹
      "tactical": 2.3
    }
  },
  // 枪械抬起的动作时长，单位秒。
  // 抬起动作完成后，枪械可以进行开火、检视等行为
  "draw_time": 0.35,
  // 收枪的动作时长，单位秒。
  "put_away_time": 0.4,
  // 瞄准时长，单位秒。
  "aim_time": 0.2,
  "sprint_time": 0.2,
  // 拉栓上膛的时间，仅当枪栓类型为 manual_action 时有效
  // "bolt_action_time": 0.9,
  // 重量，枪械的总重将影响“移速属性”，默认-1.5%移动速度/kg，可在ServerConfig中调整
  // 调整的属性会作为“百分比增加”类型(MULTIPLY_BASE)的属性修饰器添加至实体上
  // 注意，移速属性并不能直接反应实际移速，此属性对实际移速的影响较为复杂，请自行查阅相关资料
  "weight": 1.7,
  // 额外移速修正，多种情况同时满足时，仅计算最后一个修正
  // 对于其中的每个情况，最终的修正值是枪械和所有配件该情况下修正值的和
  // 调整的属性将作为“最终乘算”类型(MULTIPLY_TOTAL)的属性修饰器添加至实体上
  "movement_speed": {
    // 默认修正
    "base": 0.0,
    // 瞄准时
    "aim": -0.2,
    // 换弹时
    "reload": -0.15
  },
  // 开火模式
  "fire_mode": [
    // 全自动
    "auto"
  ],
  // 开火模式调整（如无调整可不写）
  /*
  "fire_mode_adjust": {
    // 全自动状态的数值调整，如无调整可不写
    "auto": {
      // 加算，全自动模式的开火数值调整，如无调整可不写
      "damage": 0,
      "rpm": 0,
      "speed": 0,
      "knockback": 0,
      "armor_ignore": 0,
      "head_shot_multiplier": 0,
      "aim_inaccuracy": 0,
      "other_inaccuracy": 0
    },
    // 半自动状态的数值调整，如无调整可不写
    "semi": {
      // 加算，半自动模式的开火数值调整，如无调整可不写
      "damage": 9,
      "rpm": -400,
      "speed": 20,
      "knockback": 0.1,
      "armor_ignore": 0.1,
      "head_shot_multiplier": 0.1,
      "aim_inaccuracy": -0.1,
      "other_inaccuracy": -0.5
    }
    // 多连发状态的数值调整，如无调整可不写
    // "burst": {
      // 加算，多连发模式的开火数值调整，如无调整可不写
      // "damage": 0,
      // "rpm": 0,
      // "speed": 0,
      // "knockback": 0,
      // "armor_ignore": 0,
      // "head_shot_multiplier": 0,
      // "aim_inaccuracy": 0,
      // "other_inaccuracy": 0
    // }
  },
  */
  // 多连续发数据，仅多连发会调用
  "burst_data": {
    // 是否连续射击
    "continuous_shoot": true,
    // 连发数
    "count": 3,
    // 组内连发的射速
    "bpm": 900,
    // 每组连发之间的时间间隔（上一组结束时间到下一组开始的时间间隔），单位秒
    "min_interval": 0.3
  },
  "crawl_recoil_multiplier": 0.5,
  // 后坐力
  "recoil": {
    "pitch": [
      {"time": 0, "value": [5, 7]},
      {"time": 0.25, "value": [5, 7]},
      {"time": 0.45, "value": [-0.6, -0.6]},
      {"time": 0.6, "value": [0, 0]}
    ],
    "yaw": [
      {"time": 0, "value": [-0.9, 0.6]},
      {"time": 0.2, "value": [-0.9, 0.6]},
      {"time": 0.4, "value": [0, 0]}
    ]
  },
  // 受伤晃动幅度修改，乘数，1 为原版晃动程度，0 为完全不晃动，默认为 0.05
  "hurt_bob_tweak_multiplier": 0.05,
  // 不准确度
  "inaccuracy": {
    // 站立射击散布
    "stand": 5,
    // 移动射击散布
    "move": 7,
    // 潜行射击散布
    "sneak": 3,
    // 趴下射击散布
    "lie": 1.825,
    // 瞄准射击时散布
    "aim": 0.125
  }
}
