{
  "type": "tacz:gun_smith_table_crafting",
  "materials": [
    {
      "item": {
        "tag": "forge:gems/diamond"
      },
      "count": 1
    },      
    {
      "item": {
        "tag": "forge:ingots/iron"
      },
      "count": 20
    },
    {
      "item": {
        "tag": "forge:dusts/redstone"
      },
      "count": 10
    },
    {
      "item": {
        "type": "forge:partial_nbt",
        "item": "tacz:attachment",
        "nbt": {
          "AttachmentId": "scp:level1"
        }
      },
      "count": 1
    },
    {
      "item": {
        "type": "forge:partial_nbt",
        "item": "tacz:modern_kinetic_gun",
        "nbt": {
          "GunId": "scp:com15"
        }
      },
      "count": 3
    }
  ],
  "result": {
    "type": "gun",
    "id": "scp:com45",
    "count": 1,
    "ammo_count": 12
  }
}