{
    "type": "tacz:gun_smith_table_crafting",
  "materials": [
    {
      "item": {
        "tag": "forge:bones"
      },
      "count": 10
    },      
    {
      "item": {
        "tag": "forge:ingots/iron"
      },
      "count": 40
    }, 
    {
      "item": {
        "item": "minecraft:rotten_flesh"
      },
      "count": 30
    }, 
        {
      "item": {
        "tag": "forge:crops/nether_wart"
      },
      "count": 10
    }, 
    {
      "item": {
        "type": "forge:partial_nbt",
        "item": "tacz:attachment",
        "nbt": {
          "AttachmentId": "scp:level2"
        }
      },
      "count": 1
    }
  ],
  "result": {
    "type": "gun",
    "id": "scp:scp127_1",
    "count": 1,
    "ammo_count": 61
  }
}