{
  "type": "tacz:gun_smith_table_crafting",
  "materials": [
    {
      "item": {
        "tag": "forge:bones"
      },
      "count": 50
    },      
    {
      "item": {
        "item": "minecraft:rotten_flesh"
      },
      "count": 80
    }, 
    {
      "item": {
        "type": "forge:partial_nbt",
        "item": "tacz:modern_kinetic_gun",
        "nbt": {
        "GunId": "scp:scp127_2"
        }
      },
      "count": 1
    }
  ],
  "result": {
    "type": "gun",
    "id": "scp:scp127_3",
    "count": 1,
    "ammo_count": 61
  }
}