{
	"format_version": "1.8.0",
	"animations": {
		"static_idle": {
			"loop": true
		},
		"reload_tactical": {
			"animation_length": 1.875,
			"bones": {
				"right_hand_and_gun": {
					"rotation": {
						"0.0": [0, 0, 0],
						"0.5833": [5.42168, -18.23748, -16.87086],
						"1.5": [0.34431, -18.997, -1.05761],
						"1.875": [0, 0, 0]
					},
					"position": {
						"0.0": [0, 0, 0],
						"0.5833": [7, -14.9375, -2.4375],
						"0.7917": [5.96, -14.515, -3.905],
						"1.25": [3.285, -11.5325, -4.83],
						"1.5": [2.1625, 1.395, -6.4175],
						"1.875": [0, 0, 0]
					}
				},
				"com15": {
					"position": {
						"0.2917": [0, 0, 0],
						"0.375": [0, 0.125, 0]
					}
				},
				"mag_standrad": {
					"position": {
						"0.0": [0, 0, 0],
						"0.4167": [0, -2.1875, 0.6875],
						"0.4583": [0, -5.91, 1.88],
						"0.5417": [0, -9.6275, 3.315],
						"0.625": [0, -12.095, 4.5025],
						"0.7083": [0, -16.1925, 5.6325],
						"0.7917": [0, -15.275, 4.84],
						"1.1667": [0, -15.275, 4.84],
						"1.5": [0, -0.1325, 0.07],
						"1.875": [0, 0, 0]
					}
				},
				"left_hand_and_mag": {
					"rotation": {
						"0.0": [0, 0, 0],
						"0.0417": [0, 7, -9],
						"0.2917": [-16.49181, -11.58637, -22.55115],
						"0.625": [-16.30999, -9.67193, -15.82702],
						"1.0": [-14.23662, -10.42549, -18.65148],
						"1.5": [-16.49181, -11.58637, -22.55115],
						"1.875": [0, 0, 0]
					},
					"position": {
						"0.0": [0, 0, 0],
						"0.0417": [0, 0, 0.4375],
						"0.2917": [-4.0625, 0, 2.69],
						"0.4167": [-4.06, 0, 0.69],
						"0.625": [-3.87, -0.6325, 0.5],
						"1.0": [-3.52, -0.1875, 0.15],
						"1.5": [-3.0625, 0, -0.31],
						"1.5833": [-4.335, 3.6875, 1.79],
						"1.875": [0, 0, 0]
					}
				},
				"lefthand": {
					"rotation": {
						"0.0": [0, 0, 0],
						"0.3333": [0, 0, -3],
						"0.375": [0.02252, 0.90174, -0.13861],
						"1.875": [0, 0, 0]
					},
					"position": {
						"0.0": [0, 0, 0],
						"0.3333": {
							"pre": [0, 0, 0],
							"post": [0, 0, 0],
							"lerp_mode": "catmullrom"
						},
						"1.875": [0, 0, 0]
					}
				}
			}
		},
		"reload_empty": {
			"animation_length": 2.625,
			"bones": {
				"right_hand_and_gun": {
					"rotation": {
						"0.0": [0, 0, 0],
						"0.5833": [5.42168, -18.23748, -16.87086],
						"1.5": [0.34431, -18.997, -1.05761],
						"1.875": [0, 0, 0],
						"2.125": [13.9042, -5.68422, 21.80633],
						"2.2917": [13.9042, -5.68422, 21.80633],
						"2.625": [0, 0, 0]
					},
					"position": {
						"0.0": [0, 0, 0],
						"0.5833": [7, -14.9375, -2.4375],
						"0.7917": [5.96, -14.515, -3.905],
						"1.25": [3.285, -11.5325, -4.83],
						"1.5": [2.1625, 1.395, -6.4175],
						"1.875": [0, 0, 0],
						"2.125": [10.1875, 2.75, -10.625],
						"2.2917": [10.1875, 2.75, -4.9375],
						"2.375": {
							"pre": [8.15, 3.2, -4.95],
							"post": [8.15, 3.2, -4.95],
							"lerp_mode": "catmullrom"
						},
						"2.4167": {
							"post": [9.43, 2.13, -0.3],
							"lerp_mode": "catmullrom"
						},
						"2.625": [0, 0, 0]
					}
				},
				"com15": {
					"position": {
						"0.2917": [0, 0, 0],
						"0.375": [0, 0.125, 0]
					}
				},
				"mag_standrad": {
					"position": {
						"0.0": [0, 0, 0],
						"0.4167": [0, -2.1875, 0.6875],
						"0.4583": [0, -5.91, 1.88],
						"0.5417": [0, -9.6275, 3.315],
						"0.625": [0, -12.095, 4.5025],
						"0.7083": [0, -16.1925, 5.6325],
						"0.7917": [0, -15.275, 4.84],
						"1.1667": [0, -15.275, 4.84],
						"1.5": [0, -0.1325, 0.07],
						"1.875": [0, 0, 0],
						"2.125": [0, 0, 0],
						"2.2917": {
							"pre": [0, 0, 0],
							"post": [0, 0, 0],
							"lerp_mode": "catmullrom"
						},
						"2.625": [0, 0, 0]
					}
				},
				"charge": {
					"position": {
						"0.0": [0, 0, 3],
						"1.875": [0, 0, 3.0625],
						"2.2917": [0, 0, 3.5625],
						"2.5": [0, 0, 0]
					}
				},
				"left_hand_and_mag": {
					"rotation": {
						"0.0": [0, 0, 0],
						"0.0417": [0, 7, -9],
						"0.2917": [-16.49181, -11.58637, -22.55115],
						"0.625": [-16.30999, -9.67193, -15.82702],
						"1.0": [-14.23662, -10.42549, -18.65148],
						"1.5": [-16.49181, -11.58637, -22.55115],
						"1.875": [0, 0, 0],
						"2.125": [0, 0, 29],
						"2.2917": {
							"pre": [0, 0, 29],
							"post": [0, 0, 29],
							"lerp_mode": "catmullrom"
						},
						"2.625": [0, 0, 0]
					},
					"position": {
						"0.0": [0, 0, 0],
						"0.0417": [0, 0, 0.4375],
						"0.2917": [-4.0625, 0, 2.69],
						"0.4167": [-4.06, 0, 0.69],
						"0.625": [-3.87, -0.6325, 0.5],
						"1.0": [-3.52, -0.1875, 0.15],
						"1.5": [-3.0625, 0, -0.31],
						"1.5833": [-4.335, 3.6875, 1.79],
						"1.875": [0, 0, 0],
						"2.125": [3.375, 0, 0],
						"2.2917": {
							"pre": [3.375, 0, 0],
							"post": [3.375, 0, 0],
							"lerp_mode": "catmullrom"
						},
						"2.625": [0, 0, 0]
					}
				},
				"lefthand": {
					"rotation": {
						"0.0": [0, 0, 0],
						"0.3333": [0, 0, -3],
						"0.375": [0.02252, 0.90174, -0.13861],
						"1.875": [0, 0, 0],
						"2.625": [0, 0, 0]
					},
					"position": {
						"0.125": [0, 0, 0],
						"0.3333": [0, 0, 0],
						"1.875": [0, 0, 0],
						"2.625": [0, 0, 0]
					}
				},
				"sight": {
					"position": {
						"0.0": [0, 0, 2.875],
						"1.875": [0, 0, 2.9525],
						"2.625": [0, 0, -0.0575]
					}
				}
			}
		},
		"inspect": {
			"animation_length": 4,
			"bones": {
				"root": {
					"position": {
						"0.0": [0, 0, 0],
						"4.0": [0, 0, 0]
					}
				},
				"left_hand_and_mag": {
					"rotation": {
						"0.0": [0, 0, 0],
						"0.25": {
							"pre": [48.77438, -68.14767, -51.92226],
							"post": [48.77438, -68.14767, -51.92226],
							"lerp_mode": "catmullrom"
						},
						"0.2917": [48.77438, -68.14767, -51.92226],
						"0.3333": {
							"pre": [48.77438, -68.14767, -51.92226],
							"post": [48.77438, -68.14767, -51.92226],
							"lerp_mode": "catmullrom"
						},
						"1.0833": [48.77438, -68.14767, -51.92226],
						"1.2083": [69.59818, -48.30423, -81.15328],
						"1.25": {
							"pre": [75.80124, -37.53583, -89.44852],
							"post": [75.80124, -37.53583, -89.44852],
							"lerp_mode": "catmullrom"
						},
						"1.2917": [75.80124, -37.53583, -89.44852],
						"1.3333": {
							"pre": [75.80124, -37.53583, -89.44852],
							"post": [75.80124, -37.53583, -89.44852],
							"lerp_mode": "catmullrom"
						},
						"1.5": {
							"post": [75.80124, -37.53583, -89.44852],
							"lerp_mode": "catmullrom"
						},
						"2.0": [75.80124, -37.53583, -89.44852],
						"2.25": [-35.98562, 24.93322, 57.44472],
						"2.7083": [-13.66581, 50.43193, 100.94188],
						"2.75": [-13.66581, 50.43193, 100.94188],
						"2.7917": [-13.66581, 50.43193, 100.94188],
						"2.8333": [-13.66581, 50.43193, 100.94188],
						"3.5": [-13.66581, 50.43193, 100.94188],
						"4.0": [0, 0, 0]
					},
					"position": {
						"0.25": {
							"pre": [-4, 0, -6],
							"post": [-4, 0, -6],
							"lerp_mode": "catmullrom"
						},
						"0.2917": [-4, 0, -6],
						"0.3333": {
							"pre": [-4, 0, -6],
							"post": [-4, 0, -6],
							"lerp_mode": "catmullrom"
						},
						"1.0833": [-4, 0, -6],
						"1.2083": [-4, 0, -6],
						"1.25": {
							"pre": [-4, 0, -6],
							"post": [-4, 0, -6],
							"lerp_mode": "catmullrom"
						},
						"1.2917": [-4, 0, -6],
						"1.3333": {
							"pre": [-4, 0, -6],
							"post": [-4, 0, -6],
							"lerp_mode": "catmullrom"
						},
						"1.5": {
							"post": [-4, 0, -6],
							"lerp_mode": "catmullrom"
						},
						"2.0": [-4, 0, -6],
						"2.25": [-0.64, -2, -5.45],
						"2.7083": [-0.64, -2, -5.45],
						"2.75": [-0.64, -2, -5.45],
						"2.7917": [-0.64, -2, -5.45],
						"2.8333": [-0.64, -2, -5.45],
						"3.5": [-0.64, -2, -5.45],
						"4.0": [0, 0, 0]
					}
				},
				"lefthand": {
					"rotation": {
						"0.0": [0, 0, 0],
						"3.5": [0, 1, 0]
					},
					"position": {
						"0.0": [0, 0, 0],
						"0.25": [-0.75, 0, 0],
						"3.5": {
							"pre": [-0.75, 0, 0],
							"post": [-0.375, 0, 0]
						}
					}
				}
			}
		},
		"shoot": {
			"animation_length": 1.3333,
			"bones": {
				"com15": {
					"rotation": {
						"0.0": [0, 0, 0],
						"0.0833": [0, 0, 0],
						"0.1667": [0, 0, 0],
						"0.25": [0, 0, 0]
					}
				},
				"charge": {
					"rotation": {
						"0.0": [0, 0, 0],
						"0.1667": [0, 0, 0],
						"0.25": [0, 0, 0]
					},
					"position": {
						"0.0": [0, 0, 0],
						"0.1667": [0, 0, 2.8125],
						"0.25": [0, 0, 0]
					}
				},
				"left_hand_and_mag": {
					"rotation": {
						"0.0": [0, 0, 0],
						"0.1667": [-3, 0, 0],
						"0.25": [0, 0, 0]
					}
				}
			}
		},
		"static_bolt_caught": {
			"loop": true,
			"bones": {
				"sight": {
					"position": [0, 0, 2.9375]
				},
				"charge": {
					"position": [0, 0, 3]
				},
				"constraint": {
					"rotation": [0.1, 0.1, 0.1],
					"position": [0.1, 0.1, 0.1]
				}
			}
		},
		"draw": {
			"loop": "hold_on_last_frame",
			"animation_length": 1,
			"bones": {
				"right_hand_and_gun": {
					"rotation": {
						"0.0": [0, 0, 0],
						"0.2083": {
							"pre": [-3.90399, -17.07228, 13.08619],
							"post": [-3.90399, -17.07228, 13.08619],
							"lerp_mode": "catmullrom"
						},
						"0.5417": [-10.46738, -2.98752, 8.06031],
						"1.0": [0, 0, 0]
					},
					"position": {
						"0.0": [14.0625, 0, 5.9375],
						"0.2083": {
							"pre": [16.7525, 3.25, -9.88],
							"post": [16.7525, 3.25, -9.88],
							"lerp_mode": "catmullrom"
						},
						"0.5417": [12.13, 4.6925, -6.99],
						"1.0": [0, 0, 0]
					}
				},
				"left_hand_and_mag": {
					"rotation": {
						"0.0": [112.5, 0, 0],
						"0.2083": {
							"pre": [-26.3014, -3.81261, 35.06945],
							"post": [-26.3014, -3.81261, 35.06945],
							"lerp_mode": "catmullrom"
						},
						"0.5417": {
							"post": [-32.49656, -0.59564, 40.13857],
							"lerp_mode": "catmullrom"
						},
						"1.0": [0, 0, 0]
					},
					"position": {
						"0.0": [0, 0, 0],
						"0.2083": {
							"pre": [4.3125, -3, -7.125],
							"post": [4.3125, -3, -7.125],
							"lerp_mode": "catmullrom"
						},
						"0.5417": {
							"post": [4.3125, -2.125, -7.125],
							"lerp_mode": "catmullrom"
						},
						"1.0": [0, 0, 0]
					}
				},
				"sight": {
					"position": {
						"0.0": [0, 0, 0],
						"0.25": [0, 0, 0.0625],
						"0.5417": [0, 0, 2.8375],
						"0.6667": [0, 0, -0.0025],
						"1.0": [0, 0, 0]
					}
				},
				"charge": {
					"rotation": {
						"0.0": [0, 0, 0],
						"0.25": [0, 0, 0],
						"0.5417": [0, 0, 0],
						"0.6667": [0, 0, 0],
						"1.0": [0, 0, 0]
					},
					"position": {
						"0.0": [0, 0, 0],
						"0.25": [0, 0, 0.0625],
						"0.5417": [0, 0, 2.98],
						"0.6667": [0, 0, 0.045],
						"1.0": [0, 0, 0]
					}
				}
			}
		},
		"put_away": {
			"animation_length": 0.5,
			"bones": {
				"left_hand_and_mag": {
					"rotation": {
						"0.0": [0, 0, 0],
						"0.1667": {
							"pre": [-18.33, 0, 0],
							"post": [-18.33, 0, 0],
							"lerp_mode": "catmullrom"
						},
						"0.5": [125, 0, 0]
					},
					"position": {
						"0.0": [0, 0, 0],
						"0.1667": {
							"pre": [0, 1.0625, -1.0625],
							"post": [0, 1.0625, -1.0625],
							"lerp_mode": "catmullrom"
						},
						"0.5": [0, 0, 7.5625]
					}
				}
			}
		},
		"inspect_empty": {
			"loop": true,
			"animation_length": 4,
			"bones": {
				"root": {
					"position": {
						"0.0": [0, 0, 0],
						"4.0": [0, 0, 0]
					}
				},
				"left_hand_and_mag": {
					"rotation": {
						"0.0": [0, 0, 0],
						"0.25": {
							"pre": [48.77438, -68.14767, -51.92226],
							"post": [48.77438, -68.14767, -51.92226],
							"lerp_mode": "catmullrom"
						},
						"0.2917": [48.77438, -68.14767, -51.92226],
						"0.3333": {
							"pre": [48.77438, -68.14767, -51.92226],
							"post": [48.77438, -68.14767, -51.92226],
							"lerp_mode": "catmullrom"
						},
						"1.0833": [48.77438, -68.14767, -51.92226],
						"1.2083": [69.59818, -48.30423, -81.15328],
						"1.25": {
							"pre": [75.80124, -37.53583, -89.44852],
							"post": [75.80124, -37.53583, -89.44852],
							"lerp_mode": "catmullrom"
						},
						"1.2917": [75.80124, -37.53583, -89.44852],
						"1.3333": {
							"pre": [75.80124, -37.53583, -89.44852],
							"post": [75.80124, -37.53583, -89.44852],
							"lerp_mode": "catmullrom"
						},
						"1.5": {
							"post": [75.80124, -37.53583, -89.44852],
							"lerp_mode": "catmullrom"
						},
						"2.0": [75.80124, -37.53583, -89.44852],
						"2.25": [-35.98562, 24.93322, 57.44472],
						"2.7083": [-13.66581, 50.43193, 100.94188],
						"2.75": [-13.66581, 50.43193, 100.94188],
						"2.7917": [-13.66581, 50.43193, 100.94188],
						"2.8333": [-13.66581, 50.43193, 100.94188],
						"3.5": [-13.66581, 50.43193, 100.94188],
						"4.0": [0, 0, 0]
					},
					"position": {
						"0.25": {
							"pre": [-4, 0, -6],
							"post": [-4, 0, -6],
							"lerp_mode": "catmullrom"
						},
						"0.2917": [-4, 0, -6],
						"0.3333": {
							"pre": [-4, 0, -6],
							"post": [-4, 0, -6],
							"lerp_mode": "catmullrom"
						},
						"1.0833": [-4, 0, -6],
						"1.2083": [-4, 0, -6],
						"1.25": {
							"pre": [-4, 0, -6],
							"post": [-4, 0, -6],
							"lerp_mode": "catmullrom"
						},
						"1.2917": [-4, 0, -6],
						"1.3333": {
							"pre": [-4, 0, -6],
							"post": [-4, 0, -6],
							"lerp_mode": "catmullrom"
						},
						"1.5": {
							"post": [-4, 0, -6],
							"lerp_mode": "catmullrom"
						},
						"2.0": [-4, 0, -6],
						"2.25": [-0.64, -2, -5.45],
						"2.7083": [-0.64, -2, -5.45],
						"2.75": [-0.64, -2, -5.45],
						"2.7917": [-0.64, -2, -5.45],
						"2.8333": [-0.64, -2, -5.45],
						"3.5": [-0.64, -2, -5.45],
						"4.0": [0, 0, 0]
					}
				},
				"lefthand": {
					"rotation": {
						"0.0": [0, 0, 0],
						"3.5": [0, 1, 0]
					},
					"position": {
						"0.0": [-0.3125, 0, 0],
						"0.25": [-0.75, 0, 0],
						"3.5": {
							"pre": [-0.75, 0, 0],
							"post": [0, 0, 0]
						}
					}
				},
				"sight": {
					"position": [0, 0, 2.9375]
				},
				"charge": {
					"position": {
						"0.0": [0, 0, 3],
						"2.375": [0, 0, 2.875]
					}
				}
			}
		}
	}
}