{
	"format_version": "1.8.0",
	"animations": {
		"static_idle": {
			"loop": true,
			"bones": {
				"constraint": {
					"rotation": [0.2, 0.2, 0.2],
					"position": [0.2, 0.2, 0.2]
				}
			}
		},
		"reload_tactical": {
			"animation_length": 2.25,
			"bones": {
				"root": {
					"rotation": {
						"0.0": [0, 0, 0],
						"2.25": [0, 0, 0]
					},
					"position": {
						"0.0": [0, 0, 0],
						"2.25": [0, 0, 0]
					}
				},
				"righthand": {
					"rotation": {
						"0.0": [0, 0, 0],
						"0.25": {
							"pre": [-11.33765, -8.31087, 18.25612],
							"post": [-11.33765, -8.31087, 18.25612],
							"lerp_mode": "catmullrom"
						},
						"0.5": [-11.33765, -8.31087, 18.25612],
						"1.0": {
							"pre": [-18.99775, 18.61217, -48.28665],
							"post": [-18.99775, 18.61217, -48.28665],
							"lerp_mode": "catmullrom"
						},
						"2.25": [0, 0, 0]
					},
					"position": {
						"0.0": [0, 0, 0],
						"0.25": [-0.57, 0, -1.86],
						"0.5": [-0.57, 0, -1.86],
						"1.0": {
							"pre": [0.27, -18, -1.31],
							"post": [0.27, -18, -1.31],
							"lerp_mode": "catmullrom"
						},
						"1.5": {
							"post": [0.27, -18, -1.31],
							"lerp_mode": "catmullrom"
						},
						"1.9167": [-2.92, -1.45, -0.28],
						"2.25": [0, 0, 0]
					}
				},
				"lefthand": {
					"rotation": {
						"0.0": [0, 0, 0],
						"0.25": [-27.5, 0, 0],
						"0.5": [-24.06, 0, 0],
						"0.6667": [-24.06, 0, 0],
						"1.9167": [-24.06, 0, 0],
						"2.25": [0, 0, 0]
					},
					"position": {
						"0.0": [0, 0, 0],
						"0.25": [0, 0, -0.75],
						"0.5": [0, 0, -0.75],
						"0.6667": [-3, -1, -1.68],
						"1.9167": [-3, -1, -1.68],
						"2.25": [0, 0, 0]
					}
				},
				"com15": {
					"rotation": {
						"0.0": [0, 0, 0],
						"0.25": [0, 0, -20],
						"0.5": {
							"pre": [0, 0, -20],
							"post": [0, 0, -20],
							"lerp_mode": "catmullrom"
						},
						"0.6667": [3.13388, -17.22575, -30.47479],
						"1.9167": [3.13388, -17.22575, -30.47479],
						"2.25": [0, 0, 0]
					},
					"position": {
						"0.0": [0, 0, 0],
						"0.25": [1, 3, 0],
						"0.6667": [0, 4, 0],
						"1.9167": [0, 4, 0],
						"2.25": [0, 0, 0]
					}
				},
				"magazine": {
					"rotation": {
						"0.0": [0, 0, 0],
						"0.25": [0, 0, 0],
						"1.9167": [0, 0, 0],
						"2.25": [0, 0, 0]
					},
					"position": {
						"0.0": [0, 0, 0],
						"0.25": [0, 0, 0],
						"0.5417": [0, -15, 0],
						"1.5": [0, -15, 0],
						"1.9167": [0, 4.125, -0.3125],
						"2.25": [0, 0, 0]
					}
				},
				"mag_standrad": {
					"rotation": {
						"0.0": [0, 0, 0],
						"0.25": [0, 0, 0],
						"2.25": [0, 0, 0]
					},
					"position": {
						"0.0": [0, 0, 0],
						"0.25": [0, 0, 0],
						"0.5417": [0, -15, 0],
						"2.25": [0, 0, 0]
					}
				}
			}
		},
		"static_bolt_caught": {
			"loop": true,
			"bones": {
				"charge": {
					"position": [0, 0, 2]
				},
				"constraint": {
					"rotation": [0.2, 0.2, 0.2],
					"position": [0.2, 0.2, 0.2]
				},
				"charge2": {
					"position": [0, 0, 2]
				},
				"charge3": {
					"position": [0, 0, 2]
				}
			}
		},
		"reload_empty": {
			"animation_length": 2.9167,
			"bones": {
				"root": {
					"rotation": {
						"0.0": [0, 0, 0],
						"2.25": [0, 0, 0]
					},
					"position": {
						"0.0": [0, 0, 0],
						"2.25": [0, 0, 0]
					}
				},
				"righthand": {
					"rotation": {
						"0.0": [0, 0, 0],
						"0.25": {
							"pre": [-11.33765, -8.31087, 18.25612],
							"post": [-11.33765, -8.31087, 18.25612],
							"lerp_mode": "catmullrom"
						},
						"0.5": [-11.33765, -8.31087, 18.25612],
						"1.0": {
							"pre": [-18.99775, 18.61217, -48.28665],
							"post": [-18.99775, 18.61217, -48.28665],
							"lerp_mode": "catmullrom"
						},
						"1.5": {
							"post": [-18.99775, 18.61217, -48.28665],
							"lerp_mode": "catmullrom"
						},
						"2.25": [0, 0, 0],
						"2.9167": [0, 0, 0]
					},
					"position": {
						"0.0": [0, 0, 0],
						"0.25": [-0.57, 0, -1.86],
						"0.5": [-0.57, 0, -1.86],
						"1.0": {
							"pre": [0.27, -18, -1.31],
							"post": [0.27, -18, -1.31],
							"lerp_mode": "catmullrom"
						},
						"1.5": {
							"post": [0.27, -18, -1.31],
							"lerp_mode": "catmullrom"
						},
						"1.9167": [-2.92, -0.88, -0.28],
						"2.25": [0, 0, 0],
						"2.4583": [0, 6, 0],
						"2.5833": [0, 3.62, 8],
						"2.7083": [0, -0.28, 10],
						"2.7917": [0, -3.19, 6.67],
						"2.9167": [0, 0, 0]
					}
				},
				"righthand_pos": {
					"position": [0, 0, 0]
				},
				"lefthand": {
					"rotation": {
						"0.0": [0, 0, 0],
						"0.25": [-27.5, 0, 0],
						"0.5": [-24.06, 0, 0],
						"0.6667": [-24.06, 0, 0],
						"1.9167": [-24.06, 0, 0],
						"2.25": [0, 0, 0],
						"2.9167": [0, 0, 0]
					},
					"position": {
						"0.0": [0, 0, 0],
						"0.25": [0, 0, -0.75],
						"0.5": [0, 0, -0.75],
						"0.6667": [-3, -1, -1.68],
						"1.9167": [-3, -1, -1.68],
						"2.25": [0, 0, 0],
						"2.9167": [0, 0, 0]
					}
				},
				"com15": {
					"rotation": {
						"0.0": [0, 0, 0],
						"0.25": [0, 0, -20],
						"0.5": {
							"pre": [0, 0, -20],
							"post": [0, 0, -20],
							"lerp_mode": "catmullrom"
						},
						"0.6667": [3.13388, -17.22575, -30.47479],
						"1.9167": [3.13388, -17.22575, -30.47479],
						"2.25": [0, 0, 0],
						"2.9167": [0, 0, 0]
					},
					"position": {
						"0.0": [0, 0, 0],
						"0.25": [1, 3, 0],
						"0.6667": [0, 4, 0],
						"1.9167": [0, 4, 0],
						"2.25": [0, 0, 0],
						"2.9167": [0, 0, 0]
					}
				},
				"charge": {
					"position": {
						"0.0": [0, 0, 2],
						"2.625": [0, 0, 2],
						"2.75": [0, 0, 0],
						"2.9167": [0, 0, 0]
					}
				},
				"magazine": {
					"rotation": {
						"0.0": [0, 0, 0],
						"0.25": [0, 0, 0],
						"1.9167": [0, 0, 0],
						"2.25": [0, 0, 0],
						"2.9167": [0, 0, 0]
					},
					"position": {
						"0.0": [0, 0, 0],
						"0.25": [0, 0, 0],
						"0.5417": [0, -15, 0],
						"1.5": [0, -15, 0],
						"1.9167": [0, 4.125, -0.3125],
						"2.25": [0, 0, 0],
						"2.9167": [0, 0, 0]
					}
				},
				"mag_standrad": {
					"rotation": {
						"0.0": [0, 0, 0],
						"0.25": [0, 0, 0],
						"2.25": [0, 0, 0]
					},
					"position": {
						"0.0": [0, 0, 0],
						"0.25": [0, 0, 0],
						"0.5417": [0, -15, 0],
						"2.25": [0, 0, 0]
					}
				},
				"constraint": {
					"rotation": [0.2, 0.2, 0.2],
					"position": [0.2, 0.2, 0.2]
				},
				"charge2": {
					"position": {
						"0.0": [0, 0, 2],
						"2.625": [0, 0, 2],
						"2.75": [0, 0, 0],
						"2.9167": [0, 0, 0]
					}
				},
				"charge3": {
					"position": {
						"0.0": [0, 0, 2],
						"2.625": [0, 0, 2],
						"2.75": [0, 0, 0],
						"2.9167": [0, 0, 0]
					}
				}
			}
		},
		"shoot": {
			"animation_length": 0.0833,
			"bones": {
				"righthand_pos": {
					"rotation": {
						"0.0": [0, 0, 0],
						"0.0417": [0, 0, 3],
						"0.0833": [0, 0, 0]
					}
				},
				"left_hand_and_mag": {
					"rotation": {
						"0.0": [0, 0, 0],
						"0.0417": [-4, 0, 0],
						"0.0833": [-1, 0, 0]
					}
				},
				"charge": {
					"rotation": {
						"0.0": [0, 0, 0],
						"0.0833": [0, 0, 0]
					},
					"position": {
						"0.0": [0, 0, 0],
						"0.0417": [0, 0, 2],
						"0.0833": [0, 0, 0]
					}
				},
				"charge2": {
					"rotation": {
						"0.0": [0, 0, 0],
						"0.0833": [0, 0, 0]
					},
					"position": {
						"0.0": [0, 0, 0],
						"0.0417": [0, 0, 2],
						"0.0833": [0, 0, 0]
					}
				},
				"charge3": {
					"rotation": {
						"0.0": [0, 0, 0],
						"0.0833": [0, 0, 0]
					},
					"position": {
						"0.0": [0, 0, 0],
						"0.0417": [0, 0, 2],
						"0.0833": [0, 0, 0]
					}
				}
			}
		},
		"put_away": {
			"animation_length": 0.1667,
			"bones": {
				"root": {
					"rotation": {
						"0.0": [0, 0, 0],
						"0.1667": [0, 0, 0]
					}
				},
				"right_hand_and_gun": {
					"rotation": {
						"0.0": [0, 0, 0],
						"0.1667": {
							"pre": [0, 0, 0],
							"post": [0, 0, 0],
							"lerp_mode": "catmullrom"
						}
					},
					"position": {
						"0.0": [0, 0, 0],
						"0.1667": {
							"pre": [3, -17, 9],
							"post": [3, -17, 9],
							"lerp_mode": "catmullrom"
						}
					}
				},
				"left_hand_and_mag": {
					"rotation": {
						"0.0": [0, 0, 0],
						"0.1667": {
							"pre": [100, 0, 0],
							"post": [100, 0, 0],
							"lerp_mode": "catmullrom"
						}
					}
				}
			}
		},
		"draw": {
			"animation_length": 0.2083,
			"bones": {
				"root": {
					"rotation": {
						"0.0": [0, 0, 0],
						"0.2083": [0, 0, 0]
					},
					"position": [0, 0, 0]
				},
				"righthand": {
					"rotation": [0, 0, 0],
					"position": {
						"0.0": [0, -13, 8],
						"0.2083": [0, 0, 0]
					}
				},
				"left_hand_and_mag": {
					"rotation": {
						"0.0": [95, 0, 0],
						"0.2083": [0, 0, 0]
					},
					"position": [0, 0, 0]
				}
			}
		},
		"inspect": {
			"animation_length": 3,
			"bones": {
				"righthand": {
					"rotation": {
						"0.0": [0, 0, 0],
						"0.5": [0, 0, -102.5],
						"2.5": [0, 0, -102.5],
						"3.0": [0, 0, 0]
					},
					"position": {
						"0.0": [0, 0, 0],
						"0.5": [11, -22, 0],
						"2.5": [11, -22, 0],
						"3.0": [0, 0, 0]
					}
				},
				"left_hand_and_mag": {
					"rotation": {
						"0.0": [0, 0, 0],
						"0.3333": [5.15067, -34.45407, -34.68713],
						"0.9167": [5.83242, -34.35837, -35.89362],
						"0.9583": [5.83242, -34.35837, -35.89362],
						"1.5": {
							"pre": [5.15067, -34.45407, -34.68713],
							"post": [5.15067, -34.45407, -34.68713],
							"lerp_mode": "catmullrom"
						},
						"1.75": {
							"post": [-17.69534, 22.61517, 40.72351],
							"lerp_mode": "catmullrom"
						},
						"2.125": [-18.08878, 22.30793, 39.69375],
						"2.5": [-17.69534, 22.61517, 40.72351],
						"3.0": [0, 0, 0]
					},
					"position": {
						"0.0": [0, 0, 0],
						"0.3333": [-3, 0, -2],
						"1.5": [-3, 0, -2],
						"1.75": [2, -5, -5],
						"2.5": [2, -5, -5],
						"3.0": [0, 0, 0]
					}
				},
				"lefthand": {
					"rotation": {
						"0.0": [0, 0, 0],
						"0.25": [-10, 0, 0],
						"2.5": [-10, 0, 0],
						"3.0": [0, 0, 0]
					},
					"position": {
						"0.0": [0, 0, 0],
						"0.25": [3, 1, 0],
						"2.5": [3, 1, 0],
						"3.0": [0, 0, 0]
					}
				}
			}
		},
		"inspect_empty": {
			"animation_length": 3,
			"bones": {
				"righthand": {
					"rotation": {
						"0.0": [0, 0, 0],
						"0.5": [0, 0, -102.5],
						"2.5": [0, 0, -102.5],
						"3.0": [0, 0, 0]
					},
					"position": {
						"0.0": [0, 0, 0],
						"0.5": [11, -21, 0],
						"2.5": [11, -21, 0],
						"3.0": [0, 0, 0]
					}
				},
				"left_hand_and_mag": {
					"rotation": {
						"0.0": [0, 0, 0],
						"0.3333": [5.15067, -34.45407, -34.68713],
						"0.9167": [5.83242, -34.35837, -35.89362],
						"0.9583": [5.83242, -34.35837, -35.89362],
						"1.5": {
							"pre": [5.15067, -34.45407, -34.68713],
							"post": [5.15067, -34.45407, -34.68713],
							"lerp_mode": "catmullrom"
						},
						"1.75": {
							"post": [-17.69534, 22.61517, 40.72351],
							"lerp_mode": "catmullrom"
						},
						"2.125": [-18.08878, 22.30793, 39.69375],
						"2.5": [-17.69534, 22.61517, 40.72351],
						"3.0": [0, 0, 0]
					},
					"position": {
						"0.0": [0, 0, 0],
						"0.3333": [-3, 0, -2],
						"1.5": [-3, 0, -2],
						"1.75": [2, -5, -5],
						"2.5": [2, -5, -5],
						"3.0": [0, 0, 0]
					}
				},
				"lefthand": {
					"rotation": {
						"0.0": [0, 0, 0],
						"0.25": [-10, 0, 0],
						"2.5": [-10, 0, 0],
						"3.0": [0, 0, 0]
					},
					"position": {
						"0.0": [0, 0, 0],
						"0.25": [3, 1, 0],
						"2.5": [3, 1, 0],
						"3.0": [0, 0, 0]
					}
				},
				"charge": {
					"position": [0, 0, 2]
				},
				"charge2": {
					"position": [0, 0, 2]
				},
				"charge3": {
					"position": [0, 0, 2]
				}
			}
		}
	}
}