{
	"format_version": "1.8.0",
	"animations": {
		"static_idle": {
			"loop": true,
			"bones": {
				"constraint": {
					"rotation": [0.2, 0.2, 0.2],
					"position": [0.2, 0.2, 0.2]
				},
				"Mp5": {
					"rotation": [0, 0, 0],
					"position": [0, 0, 0]
				},
				"righthand": {
					"rotation": [79.96258, -4.92385, 0.87038],
					"position": [5, -14, 3]
				},
				"lefthand": {
					"rotation": [82.2386, 14.8687, -2.00307],
					"position": [-4.375, -12, -8]
				}
			}
		},
		"reload_tactical": {
			"animation_length": 0.9583,
			"bones": {
				"Mp5": {
					"rotation": {
						"0.0": [0, 0, 0],
						"0.1667": {
							"pre": [-8.06886, -17.33718, -12.97094],
							"post": [-8.06886, -17.33718, -12.97094],
							"lerp_mode": "catmullrom"
						},
						"0.2083": [-8.06886, -17.33718, -12.97094],
						"0.5": [-8.06886, -17.33718, -12.97094],
						"0.5417": [9.02362, -15.16587, -21.79312],
						"0.9167": [0, 0, 0]
					},
					"position": {
						"0.0": [0, 0, 0],
						"0.1667": [-2, 0, 1],
						"0.5": [-2, 0, 1],
						"0.5417": [-2, 0, 0.5625],
						"0.9167": [0, 0, 0]
					}
				},
				"charge_handle": {
					"rotation": {
						"0.0": [0, 0, 0],
						"0.1667": [0, 0, 0],
						"0.25": [0, 0, 0],
						"0.3333": [0, 0, -35],
						"0.5": [0, 0, -35],
						"0.5417": [0, 0, 5]
					},
					"position": {
						"0.0": [0, 0, 0],
						"0.1667": [0, 0, 0],
						"0.25": [0, 0, 2.0625],
						"0.5": [0, 0, 2.0625],
						"0.5833": [0, 0, -0.1275]
					}
				},
				"camera": {
					"rotation": {
						"0.0": [0, 0, 0],
						"0.1667": [0, 3, -2],
						"0.25": [-1, 3, -2],
						"0.3333": [-1, 4, -2],
						"0.4583": [-1, 4, -2],
						"0.5417": [1, 3, -2.00488],
						"0.5833": [-2, 5, -2],
						"0.9583": [0, 0, 0]
					},
					"position": {
						"0.0": [0, 0, 0],
						"0.1667": [0, 0, 0],
						"0.4583": [0, 0, 0],
						"0.5417": [0, 0, -0.3125],
						"0.5833": [0, 0, 0],
						"0.9583": [0, 0, 0]
					}
				},
				"righthand": {
					"rotation": {
						"0.0": [79.96258, -4.92385, 0.87038],
						"0.1667": [81.79303, -11.66475, -15.93948],
						"0.5417": [95.79303, -11.66475, -15.93948],
						"0.9583": [79.96258, -4.92385, 0.87038]
					},
					"position": {
						"0.0": [5, -14, 3],
						"0.1667": [0, -16.0625, 4],
						"0.5417": [-0.9375, -14.1225, 2.25],
						"0.9583": [5, -14, 3]
					}
				},
				"lefthand": {
					"rotation": {
						"0.0": [82.2386, 14.8687, -2.00307],
						"0.1667": [54.4615, 18.00699, -24.17417],
						"0.25": [32.35001, 8.8672, -28.2188],
						"0.2917": [18.53891, -0.64147, -41.36818],
						"0.3333": [19.47051, -5.40221, -54.46738],
						"0.5": [19.47, -5.4, -54.47],
						"0.5417": [56.97, -5.4, -54.47],
						"0.5833": [90.06399, 3.33524, -9.15485],
						"0.625": [91.17946, 2.33119, -7.17208],
						"0.6667": [90.06399, 3.33524, -9.15485],
						"0.9167": [82.2386, 14.8687, -2.00307]
					},
					"position": {
						"0.0": [-4.375, -12, -8],
						"0.1667": [-8.37, -8, -2.75],
						"0.2083": [-8.37, -8, -1.3125],
						"0.25": [-9.245, -8, -0.4375],
						"0.2917": [-9.495, -7.9375, 0.125],
						"0.3333": [-8.9925, -7.625, 1.185],
						"0.5": [-8.99, -7.62, 1.19],
						"0.5417": [-8.99, -7.62, -6.185],
						"0.5833": [-1.1775, -12.87, -12.1175],
						"0.625": [-1.055, -12.9325, -12.12],
						"0.6667": [-1.1775, -12.87, -12.1175],
						"0.9167": [-4.375, -12, -8]
					}
				}
			}
		},
		"reload_empty": {
			"animation_length": 0.9583,
			"bones": {
				"Mp5": {
					"rotation": {
						"0.0": [0, 0, 0],
						"0.1667": {
							"pre": [-8.06886, -17.33718, -12.97094],
							"post": [-8.06886, -17.33718, -12.97094],
							"lerp_mode": "catmullrom"
						},
						"0.2083": [-8.06886, -17.33718, -12.97094],
						"0.5": [-8.06886, -17.33718, -12.97094],
						"0.5417": [9.02362, -15.16587, -21.79312],
						"0.9167": [0, 0, 0]
					},
					"position": {
						"0.0": [0, 0, 0],
						"0.1667": [-2, 0, 1],
						"0.5": [-2, 0, 1],
						"0.5417": [-2, 0, 0.5625],
						"0.9167": [0, 0, 0]
					}
				},
				"charge_handle": {
					"rotation": {
						"0.0": [0, 0, 0],
						"0.1667": [0, 0, 0],
						"0.25": [0, 0, 0],
						"0.3333": [0, 0, -35],
						"0.5": [0, 0, -35],
						"0.5417": [0, 0, 5]
					},
					"position": {
						"0.0": [0, 0, 0],
						"0.1667": [0, 0, 0],
						"0.25": [0, 0, 2.0625],
						"0.5": [0, 0, 2.0625],
						"0.5833": [0, 0, -0.1275]
					}
				},
				"camera": {
					"rotation": {
						"0.0": [0, 0, 0],
						"0.1667": [0, 3, -2],
						"0.25": [-1, 3, -2],
						"0.3333": [-1, 4, -2],
						"0.4583": [-1, 4, -2],
						"0.5417": [1, 3, -2.00488],
						"0.5833": [-2, 5, -2],
						"0.9583": [0, 0, 0]
					},
					"position": {
						"0.0": [0, 0, 0],
						"0.1667": [0, 0, 0],
						"0.4583": [0, 0, 0],
						"0.5417": [0, 0, -0.3125],
						"0.5833": [0, 0, 0],
						"0.9583": [0, 0, 0]
					}
				},
				"righthand": {
					"rotation": {
						"0.0": [79.96258, -4.92385, 0.87038],
						"0.1667": [81.79303, -11.66475, -15.93948],
						"0.5417": [95.79303, -11.66475, -15.93948],
						"0.9583": [79.96258, -4.92385, 0.87038]
					},
					"position": {
						"0.0": [5, -14, 3],
						"0.1667": [0, -16.0625, 4],
						"0.5417": [-0.9375, -14.1225, 2.25],
						"0.9583": [5, -14, 3]
					}
				},
				"lefthand": {
					"rotation": {
						"0.0": [82.2386, 14.8687, -2.00307],
						"0.1667": [54.4615, 18.00699, -24.17417],
						"0.25": [32.35001, 8.8672, -28.2188],
						"0.2917": [18.53891, -0.64147, -41.36818],
						"0.3333": [19.47051, -5.40221, -54.46738],
						"0.5": [19.47, -5.4, -54.47],
						"0.5417": [56.97, -5.4, -54.47],
						"0.5833": [90.06399, 3.33524, -9.15485],
						"0.625": [91.17946, 2.33119, -7.17208],
						"0.6667": [90.06399, 3.33524, -9.15485],
						"0.9167": [82.2386, 14.8687, -2.00307]
					},
					"position": {
						"0.0": [-4.375, -12, -8],
						"0.1667": [-8.37, -8, -2.75],
						"0.2083": [-8.37, -8, -1.3125],
						"0.25": [-9.245, -8, -0.4375],
						"0.2917": [-9.495, -7.9375, 0.125],
						"0.3333": [-8.9925, -7.625, 1.185],
						"0.5": [-8.99, -7.62, 1.19],
						"0.5417": [-8.99, -7.62, -6.185],
						"0.5833": [-1.1775, -12.87, -12.1175],
						"0.625": [-1.055, -12.9325, -12.12],
						"0.6667": [-1.1775, -12.87, -12.1175],
						"0.9167": [-4.375, -12, -8]
					}
				}
			}
		},
		"shoot": {
			"animation_length": 0.4167,
			"bones": {
				"Mp5": {
					"rotation": {
						"0.0": [0, 0, 0],
						"0.0417": [-2, 0, 0],
						"0.0833": [0, 0, 0]
					},
					"position": {
						"0.0": [0, 0, 0],
						"0.0417": [0, 0, 0.0625],
						"0.0833": [0, 0, 0]
					}
				},
				"group35": {
					"rotation": {
						"0.0": [0, 0, 0],
						"0.0417": [0, 0, -7.5],
						"0.125": [0, 0, 10],
						"0.25": [0, 0, -2.5],
						"0.4167": [0, 0, 0]
					}
				}
			}
		},
		"static_bolt_caught": {
			"loop": true,
			"bones": {
				"constraint": {
					"rotation": [0.2, 0.2, 0.2],
					"position": [0.2, 0.2, 0.2]
				},
				"righthand": {
					"rotation": [79.96258, -4.92385, 0.87038],
					"position": [5, -14, 3]
				},
				"lefthand": {
					"rotation": [82.2386, 14.8687, -2.00307],
					"position": [-4.375, -12, -8]
				}
			}
		},
		"draw": {
			"animation_length": 1.5,
			"bones": {
				"Mp5": {
					"rotation": {
						"0.0": [82.5, 0, 0],
						"0.375": [-37.66471, 17.49229, 41.06301],
						"0.5": [-37.66471, 17.49229, 41.06301],
						"0.625": [-37.66471, 17.49229, 41.06301],
						"1.0": [-37.66, 17.49, 41.06],
						"1.5": [0, 0, 0]
					},
					"position": {
						"0.0": [0, -8, 23],
						"0.0833": [0.44, -4.5, 13.3625],
						"0.125": [-0.71, -4.16, 8.63],
						"0.2083": [-1.87, -2.8125, 3.89],
						"0.375": [1.75, 9.5, -2.3725],
						"0.5": [1.75, 9.5, -2.2475],
						"0.5833": [1.75, 9.5, -2.3725],
						"0.625": [1.75, 9.5, -2.3725],
						"1.0": [1.75, 9.5, -2.37],
						"1.5": [0, 0, 0]
					}
				},
				"charge_handle": {
					"rotation": {
						"0.375": [0, 0, 0],
						"0.5833": [0, 0, -55],
						"0.9583": [0, 0, -55],
						"1.0": [0, 0, 0]
					},
					"position": {
						"0.375": [0, 0, 0],
						"0.5": [0, 0, 2],
						"0.9583": [0, 0, 2],
						"1.0833": [0, 0, 0]
					}
				},
				"bolt": {
					"rotation": {
						"0.375": [0, 0, 0],
						"0.9583": [0, 0, 0]
					},
					"position": {
						"0.375": [0, 0, 0],
						"0.5": [0, 0, 4],
						"0.9583": [0, 0, 4],
						"1.0": [0, 0, 2],
						"1.0833": [0, 0, 0]
					}
				},
				"camera": {
					"rotation": {
						"0.0": [0, 0, 0],
						"0.0833": [-0.00873, -0.49992, 1.00004],
						"0.125": [-0.00873, -0.49992, 0],
						"0.375": [-2.11224, -2.92801, 2.00177],
						"0.5": [-2.11, -2.93, 2],
						"0.5833": [-2.05853, -2.96637, 0.99934],
						"0.9583": [-2.06, -2.97, 1],
						"1.0417": [-1.06, -2.97, 1],
						"1.0833": [-2.06, -2.97, 1]
					},
					"position": {
						"0.0": [0, 0, 0],
						"0.4583": [0, 0, 0],
						"0.5": [0, 0, 0.1],
						"0.5417": [0, 0, 0],
						"0.9583": [0, 0, 0],
						"1.0833": [0, 0, 0]
					}
				},
				"righthand": {
					"rotation": {
						"0.0": [152.5, 0, 0],
						"0.0417": [150, 0, 0],
						"0.0833": [122.5, 0, 0],
						"0.125": [116.5, 0, 0],
						"0.1667": [103.90125, -6.96059, 16.00269],
						"0.2083": [99.40804, -3.40487, 19.71975],
						"0.25": [91.407, 2.59333, 19.86706],
						"0.2917": [82.70313, 10.19113, 23.61923],
						"0.375": [50.81365, 9.73354, 40.59696],
						"1.0": [50.81, 9.73, 40.6],
						"1.5": [79.96258, -4.92385, 0.87038]
					},
					"position": {
						"0.0": [6, -21, 11],
						"0.0417": [6, -16, 10],
						"0.0833": [8, -15, 8],
						"0.125": [7.75, -15.375, 5],
						"0.1667": [7.625, -15, 5.4375],
						"0.25": [9.0675, -15, 3.7525],
						"0.2917": [9.5075, -14.375, 3.75],
						"0.375": [10.26, -11.5575, 0.0625],
						"1.0": [10.26, -11.56, 0.06],
						"1.5": [5, -14, 3]
					}
				},
				"lefthand": {
					"rotation": {
						"0.0": [165, 0, 0],
						"0.375": [49.11421, 26.66839, 27.40216],
						"0.4167": [47.69182, 29.66048, 24.39022],
						"0.4583": [46.89604, 31.13027, 22.81763],
						"0.5": [46.04001, 32.58036, 21.19587],
						"0.5417": [38.13304, 10.80059, 0.38579],
						"0.5833": [30.96377, 6.43493, 5.92159],
						"0.9583": [30.96, 6.43, 5.92],
						"1.0": [46.04001, 32.58036, 21.19587],
						"1.3333": [89.20161, -9.2722, 10.07136],
						"1.5": [82.2386, 14.8687, -2.00307]
					},
					"position": {
						"0.0": [4, -35, 11],
						"0.375": [6.25, -5, -4.1875],
						"0.4167": [6.25, -5.375, -3.19],
						"0.4583": [6.1875, -5.6825, -2.315],
						"0.5": [6.1275, -5.9925, -1.9975],
						"0.5417": [7.13, -4.9275, -1.75],
						"0.5833": [7.0675, -4.43, -1.75],
						"0.9583": [7.07, -4.43, -1.75],
						"1.0": [6.1275, -5.9925, -2.6225],
						"1.3333": [4.38, -16.9375, -5.31],
						"1.5": [-4.375, -12, -8]
					}
				}
			}
		},
		"put_away": {
			"animation_length": 0.25,
			"bones": {
				"constraint": {
					"rotation": [0.2, 0.2, 0.2],
					"position": [0.2, 0.2, 0.2]
				},
				"Mp5": {
					"rotation": {
						"0.0": [0, 0, 0],
						"0.25": [85, 0, 0]
					},
					"position": {
						"0.0": [0, 0, 0],
						"0.25": [0, -12, 28]
					}
				},
				"righthand": {
					"rotation": {
						"0.0": [79.96258, -4.92385, 0.87038],
						"0.25": [152.5, 0, 0]
					},
					"position": {
						"0.0": [5, -14, 3],
						"0.25": [6, -21, 11]
					}
				},
				"lefthand": {
					"rotation": {
						"0.0": [82.2386, 14.8687, -2.00307],
						"0.25": [165, 0, 0]
					},
					"position": {
						"0.0": [-4.375, -12, -8],
						"0.25": [4, -35, 11]
					}
				}
			}
		},
		"inspect": {
			"animation_length": 7,
			"bones": {
				"Mp5": {
					"rotation": {
						"0.0": [0, 0, 0],
						"0.4167": [-35.98346, -40.89371, -34.48329],
						"0.7917": [-35.98346, -40.89371, -34.48329],
						"1.2083": [-37.12673, -39.82877, -32.68432],
						"1.5": [-36.79173, -40.1294, -33.20571],
						"2.5833": [-35.98346, -40.89371, -34.48329],
						"3.0": [-41.84263, -3.98428, 37.70054],
						"3.125": [-42.84263, -3.98428, 37.70054],
						"3.625": [-64.06134, 51.91338, 35.91195],
						"3.7917": [-63.77859, 52.36247, 36.27009],
						"5.4583": [-64.06134, 51.91338, 35.91195],
						"5.8333": [-15.09391, 2.34823, -0.31629],
						"6.0417": [-15.09391, 2.34823, -0.31629],
						"6.125": [-8.09391, 2.34823, -0.31629],
						"6.2917": [-6.55, 1.9, -0.26],
						"7.0": [0, 0, 0]
					},
					"position": {
						"0.0": [0, 0, 0],
						"0.4167": [9, 10, -3],
						"0.7917": [9, 10, -3],
						"2.5833": [9, 10, -3],
						"3.0": [4.415, 7.79, -8.35],
						"3.125": [4.42, 7.79, -8.0375],
						"3.625": [-2.705, 17.79, -0.5375],
						"5.4583": [-2.705, 17.79, -0.5375],
						"5.8333": [-2.98, 2.36, -0.53],
						"6.0417": [-2.98, 2.36, -0.53],
						"6.125": [-3.98, 2.36, -2.03],
						"6.2083": [-3.48, 2.36, -1.905],
						"6.2917": [-3.11, 2.11, -1.7],
						"6.3333": {
							"pre": [-3.1175, 2.115, -1.6],
							"post": [-3.1175, 2.115, -1.6],
							"lerp_mode": "catmullrom"
						},
						"7.0": [0, 0, 0]
					}
				},
				"bolt": {
					"rotation": [0, 0, 0],
					"position": {
						"3.0417": [0, 0, 0],
						"3.0833": [0, 0, 2],
						"3.125": [0, 0, 4],
						"6.0": [0, 0, 4],
						"6.0417": [0, 0, 2],
						"6.0833": [0, 0, 0]
					},
					"scale": 1
				},
				"charge_handle": {
					"rotation": {
						"0.0": [0, 0, 0],
						"3.0417": [0, 0, 0],
						"3.125": [0, 0, 0],
						"3.1667": [0, 0, -50],
						"6.0": [0, 0, -50],
						"6.0417": [0, 0, 0]
					},
					"position": {
						"0.0": [0, 0, 0],
						"3.0417": [0, 0, 0],
						"3.125": [0, 0, 2],
						"6.0": [0, 0, 2],
						"6.0417": [0, 0, 1],
						"6.0833": [0, 0, 0]
					}
				},
				"bullet_in_barrel": {
					"rotation": {
						"4.25": [0, 0, 0],
						"4.5": {
							"pre": [-5, 0, 0],
							"post": [-5, 0, 0],
							"lerp_mode": "catmullrom"
						},
						"4.6667": [0, 0, 0],
						"4.75": {
							"pre": [4, 0, 0],
							"post": [4, 0, 0],
							"lerp_mode": "catmullrom"
						},
						"4.8333": [0, 0, 0],
						"5.0": {
							"pre": [-4, 0, 0],
							"post": [-4, 0, 0],
							"lerp_mode": "catmullrom"
						},
						"5.25": [0, 0, 0]
					},
					"position": {
						"0.0": [0, 0, 0],
						"4.25": [0, -0.005, 0],
						"4.5": {
							"pre": [0, 0.0625, 0],
							"post": [0, 0.0625, 0],
							"lerp_mode": "catmullrom"
						},
						"4.6667": [0, 0.005, 0],
						"4.8333": [0, 0.005, 0],
						"5.0": {
							"pre": [0, 0.0625, 0],
							"post": [0, 0.0625, 0],
							"lerp_mode": "catmullrom"
						},
						"5.25": [0, 0.005, 0]
					}
				},
				"idle_view": {
					"rotation": {
						"0.0": [0, 0, 0],
						"0.625": [0, 0, 0],
						"2.5833": [0, 0, 0],
						"2.75": [0, -1, 1],
						"3.0833": [0, 0, 0],
						"3.125": [-1, 0, 0],
						"3.1667": [0.08, 0, 0],
						"3.625": [0, 0, 0],
						"4.5": {
							"pre": [-1, 0.08722, 2.49848],
							"post": [-1, 0.08722, 2.49848],
							"lerp_mode": "catmullrom"
						},
						"5.2917": [2, 0, 0],
						"5.4583": [2, 0, 0],
						"5.9167": [1.96604, 2.0334, -0.93019],
						"6.0": [3.63, 2.03, -0.93],
						"6.0417": [5.46604, 2.0334, -0.93019],
						"6.0833": [1.96604, 2.0334, -0.93019],
						"7.0": [0, 0, 0]
					},
					"position": {
						"0.0": [0, 0, 0],
						"0.625": [0, 0, 0],
						"1.2083": [0, 0.0625, 0],
						"1.5": {
							"pre": [0, 0.0625, 0],
							"post": [0, 0.0625, 0],
							"lerp_mode": "catmullrom"
						},
						"2.0833": [0, -0.2525, 0],
						"2.375": [0, -0.2525, 0],
						"2.5833": [0, 0.0025, 0],
						"3.625": [0, 0, 0],
						"4.5": {
							"pre": [0, 0.0625, 0],
							"post": [0, 0.0625, 0],
							"lerp_mode": "catmullrom"
						},
						"5.2917": [0, -0.06, 0],
						"5.4583": [0, -0.06, 0],
						"6.0417": [0, -0.1225, -0.3125],
						"7.0": [0, 0, 0]
					}
				},
				"body3": {
					"rotation": {
						"4.25": [0, 0, 0],
						"4.5": [-1, 0, 0],
						"4.6667": [0, 0, 0],
						"4.875": [0, 0, 0],
						"5.0": [-1, 0, 0],
						"5.25": [0, 0, 0]
					},
					"position": {
						"4.25": [0, -0.005, 0],
						"4.5": {
							"pre": [0, 0.0625, 0],
							"post": [0, 0.0625, 0],
							"lerp_mode": "catmullrom"
						},
						"4.6667": [0, 0.005, 0],
						"4.875": [0, -0.005, 0],
						"5.0": {
							"pre": [0, 0.0625, 0],
							"post": [0, 0.0625, 0],
							"lerp_mode": "catmullrom"
						},
						"5.25": [0, 0.005, 0]
					}
				},
				"camera": {
					"rotation": {
						"0.0": [0, 0, 0],
						"0.625": [0, 0, 0],
						"2.5833": [0, 0, 0],
						"2.75": [0, -1, 1],
						"3.0833": [0, 0, 0],
						"3.125": [-1, 0, 0],
						"3.1667": [0.08, 0, 0],
						"3.625": [0, 0, 0],
						"4.5": {
							"pre": [-1, 0.08722, 2.49848],
							"post": [-1, 0.08722, 2.49848],
							"lerp_mode": "catmullrom"
						},
						"5.2917": [2, 0, 0],
						"5.4583": [2, 0, 0],
						"5.9167": [1.96604, 2.0334, -0.93019],
						"6.0": [3.63, 2.03, -0.93],
						"6.0417": [7.46604, 2.0334, -0.93019],
						"6.0833": [1.96604, 2.0334, -0.93019],
						"7.0": [0, 0, 0]
					},
					"position": {
						"0.0": [0, 0, 0],
						"0.625": [0, 0, 0],
						"1.2083": [0, 0.0625, 0],
						"1.5": {
							"pre": [0, 0.0625, 0],
							"post": [0, 0.0625, 0],
							"lerp_mode": "catmullrom"
						},
						"2.0833": [0, -0.2525, 0],
						"2.375": [0, -0.2525, 0],
						"2.5833": [0, 0.0025, 0],
						"3.625": [0, 0, 0],
						"4.5": {
							"pre": [0, 0.0625, 0],
							"post": [0, 0.0625, 0],
							"lerp_mode": "catmullrom"
						},
						"5.2917": [0, -0.06, 0],
						"5.4583": [0, -0.06, 0],
						"6.0417": [0, -0.1225, -0.375],
						"7.0": [0, 0, 0]
					}
				},
				"righthand": {
					"rotation": {
						"0.0": [79.96258, -4.92385, 0.87038],
						"0.0833": [80.84632, -6.42713, -8.04724],
						"0.125": [80.75182, -10.37571, -7.40085],
						"0.2083": [73.52019, -16.29591, -6.398],
						"0.25": [70.52019, -16.29591, -6.398],
						"0.2917": [57.83342, -25.54594, -26.62696],
						"0.4167": [60.67302, -40.75555, -33.83776],
						"0.7917": [60.67302, -40.75555, -33.83776],
						"1.2083": [57.69258, -37.18578, -29.0485],
						"2.5833": [57.69258, -37.18578, -29.0485],
						"3.0": [47.16745, -4.86681, 44.47003],
						"3.125": [44.66745, -4.86681, 44.47003],
						"3.1667": [44.8602, -1.34475, 40.91529],
						"3.625": [25.8674, 51.35264, 36.96429],
						"3.7917": [27.32474, 53.58836, 38.80155],
						"5.4583": [27.32, 53.59, 38.8],
						"5.8333": [68.51569, 1.09584, -0.23483],
						"6.0417": [68.51569, 1.09584, -0.23483],
						"6.125": [82.51569, 1.09584, -0.23483],
						"6.2083": [72.51569, 1.09584, -0.23483],
						"7.0": [79.96258, -4.92385, 0.87038]
					},
					"position": {
						"0.0": [5, -14, 3],
						"0.0833": [5.375, -14, 3],
						"0.125": [5.38, -13.315, 3],
						"0.1667": [5.38, -13.375, 3],
						"0.2917": [6.6925, -14.37, 0.5625],
						"0.4167": [9.5025, -15.3075, -0.69],
						"0.7917": [9.5, -15.31, -0.69],
						"2.5833": [9.5, -15.31, -0.69],
						"3.0": [8.8125, -11.81, -5.5025],
						"3.125": [8.81, -11.81, -5.5],
						"3.625": [6.2475, -6.685, -1.4375],
						"5.4583": [6.25, -6.68, -1.44],
						"5.5417": [6.47, -9.21, -0.72],
						"5.5833": [6.69, -9.99, -0.36],
						"5.625": [6.53, -10.77, 0],
						"5.6667": [5.77, -10.8, 0.36],
						"5.7083": [5.02, -11.52, 0.72],
						"5.75": [4.26, -12.32, 1.08],
						"5.8333": [2.875, -14.68, 1.81],
						"6.0417": [2.875, -14.68, 1.81],
						"6.125": [2.005, -13.7425, 1.81],
						"6.2083": [2.3225, -13.74, 1.81],
						"6.2917": [2.5075, -13.74, 1.81],
						"6.3333": [2.51, -13.615, 1.81],
						"7.0": [5, -14, 3]
					}
				},
				"lefthand": {
					"rotation": {
						"0.0": [82.2386, 14.8687, -2.00307],
						"0.4167": [152.2386, 14.8687, -2.00307],
						"2.5833": [152.24, 14.87, -2],
						"3.0": [50.74854, 0.37941, 6.71659],
						"3.0417": [49.74854, 0.37941, 6.71659],
						"3.0833": [48.74854, 0.37941, 6.71659],
						"3.125": [47.74854, 0.37941, 6.71659],
						"3.1667": [52.5224, -21.13986, -18.89259],
						"3.625": [33.45429, 56.95403, 9.0249],
						"3.7917": [38.33406, 61.00909, 14.71411],
						"5.4583": [38.33, 61.01, 14.71],
						"5.8333": [50.57945, -9.46234, -54.60314],
						"6.0": [50.58, -9.46, -54.6],
						"6.0417": [57.75305, 22.2322, -8.66161],
						"6.0833": [72.06595, 12.82822, -2.66809],
						"6.3333": [72.07, 12.83, -2.67],
						"6.625": {
							"pre": [76.87813, 3.98885, -0.05249],
							"post": [76.87813, 3.98885, -0.05249],
							"lerp_mode": "catmullrom"
						},
						"7.0": [82.2386, 14.8687, -2.00307]
					},
					"position": {
						"0.0": [-4.375, -12, -8],
						"0.4167": [5.5675, -18.625, 4.4375],
						"2.5833": [5.57, -18.62, 4.44],
						"3.0": [7.8825, -5.245, -8.31],
						"3.0833": [7.5675, -5.6775, -7.1225],
						"3.125": [7.07, -6.18, -6.3075],
						"3.1667": [7.1325, -3.7425, -3.8725],
						"3.2083": [7.4, -3.44, -5.255],
						"3.25": [8.33, -3.13, -6.71],
						"3.3333": [4.2, -2.52, -9.61],
						"3.625": [-0.9325, -0.365, -3.9325],
						"5.4583": [-0.93, -0.36, -3.93],
						"5.625": {
							"pre": [3.74, -5.67, -3.49],
							"post": [3.74, -5.67, -3.49],
							"lerp_mode": "catmullrom"
						},
						"5.8333": [-5.93, -3.2975, -3.8675],
						"6.0": [-5.93, -3.3, -3.87],
						"6.0417": [-5.4925, -5.3, -5.5575],
						"6.0833": [-3.49, -7.175, -11.8725],
						"6.3333": [-3.49, -7.17, -11.87],
						"6.625": {
							"pre": [0.12, -10.28, -10.18],
							"post": [0.12, -10.28, -10.18],
							"lerp_mode": "catmullrom"
						},
						"7.0": [-4.375, -12, -8]
					}
				}
			}
		},
		"inspect_empty": {
			"animation_length": 7,
			"bones": {
				"Mp5": {
					"rotation": {
						"0.0": [0, 0, 0],
						"0.4167": [-35.98346, -40.89371, -34.48329],
						"0.7917": [-35.98346, -40.89371, -34.48329],
						"1.2083": [-37.12673, -39.82877, -32.68432],
						"1.5": [-36.79173, -40.1294, -33.20571],
						"2.5833": [-35.98346, -40.89371, -34.48329],
						"3.0": [-41.84263, -3.98428, 37.70054],
						"3.125": [-42.84263, -3.98428, 37.70054],
						"3.625": [-64.06134, 51.91338, 35.91195],
						"3.7917": [-63.77859, 52.36247, 36.27009],
						"5.4583": [-64.06134, 51.91338, 35.91195],
						"5.8333": [-15.09391, 2.34823, -0.31629],
						"6.0417": [-15.09391, 2.34823, -0.31629],
						"6.125": [-8.09391, 2.34823, -0.31629],
						"6.2917": [-6.55, 1.9, -0.26],
						"7.0": [0, 0, 0]
					},
					"position": {
						"0.0": [0, 0, 0],
						"0.4167": [9, 10, -3],
						"0.7917": [9, 10, -3],
						"2.5833": [9, 10, -3],
						"3.0": [4.415, 7.79, -8.35],
						"3.125": [4.42, 7.79, -8.0375],
						"3.625": [-2.705, 17.79, -0.5375],
						"5.4583": [-2.705, 17.79, -0.5375],
						"5.8333": [-2.98, 2.36, -0.53],
						"6.0417": [-2.98, 2.36, -0.53],
						"6.125": [-3.98, 2.36, -2.03],
						"6.2083": [-3.48, 2.36, -1.905],
						"6.2917": [-3.11, 2.11, -1.7],
						"6.3333": {
							"pre": [-3.1175, 2.115, -1.6],
							"post": [-3.1175, 2.115, -1.6],
							"lerp_mode": "catmullrom"
						},
						"7.0": [0, 0, 0]
					}
				},
				"bolt": {
					"rotation": [0, 0, 0],
					"position": {
						"3.0417": [0, 0, 0],
						"3.0833": [0, 0, 2],
						"3.125": [0, 0, 4],
						"6.0": [0, 0, 4],
						"6.0417": [0, 0, 2],
						"6.0833": [0, 0, 0]
					},
					"scale": 1
				},
				"charge_handle": {
					"rotation": {
						"0.0": [0, 0, 0],
						"3.0417": [0, 0, 0],
						"3.125": [0, 0, 0],
						"3.1667": [0, 0, -50],
						"6.0": [0, 0, -50],
						"6.0417": [0, 0, 0]
					},
					"position": {
						"0.0": [0, 0, 0],
						"3.0417": [0, 0, 0],
						"3.125": [0, 0, 2],
						"6.0": [0, 0, 2],
						"6.0417": [0, 0, 1],
						"6.0833": [0, 0, 0]
					}
				},
				"bullet_in_barrel": {
					"rotation": {
						"4.25": [0, 0, 0],
						"4.5": {
							"pre": [-5, 0, 0],
							"post": [-5, 0, 0],
							"lerp_mode": "catmullrom"
						},
						"4.6667": [0, 0, 0],
						"4.75": {
							"pre": [4, 0, 0],
							"post": [4, 0, 0],
							"lerp_mode": "catmullrom"
						},
						"4.8333": [0, 0, 0],
						"5.0": {
							"pre": [-4, 0, 0],
							"post": [-4, 0, 0],
							"lerp_mode": "catmullrom"
						},
						"5.25": [0, 0, 0]
					},
					"position": {
						"0.0": [0, 0, 0],
						"4.25": [0, -0.005, 0],
						"4.5": {
							"pre": [0, 0.0625, 0],
							"post": [0, 0.0625, 0],
							"lerp_mode": "catmullrom"
						},
						"4.6667": [0, 0.005, 0],
						"4.8333": [0, 0.005, 0],
						"5.0": {
							"pre": [0, 0.0625, 0],
							"post": [0, 0.0625, 0],
							"lerp_mode": "catmullrom"
						},
						"5.25": [0, 0.005, 0]
					}
				},
				"idle_view": {
					"rotation": {
						"0.0": [0, 0, 0],
						"0.625": [0, 0, 0],
						"2.5833": [0, 0, 0],
						"2.75": [0, -1, 1],
						"3.0833": [0, 0, 0],
						"3.125": [-1, 0, 0],
						"3.1667": [0.08, 0, 0],
						"3.625": [0, 0, 0],
						"4.5": {
							"pre": [-1, 0.08722, 2.49848],
							"post": [-1, 0.08722, 2.49848],
							"lerp_mode": "catmullrom"
						},
						"5.2917": [2, 0, 0],
						"5.4583": [2, 0, 0],
						"5.9167": [1.96604, 2.0334, -0.93019],
						"6.0": [3.63, 2.03, -0.93],
						"6.0417": [5.46604, 2.0334, -0.93019],
						"6.0833": [1.96604, 2.0334, -0.93019],
						"7.0": [0, 0, 0]
					},
					"position": {
						"0.0": [0, 0, 0],
						"0.625": [0, 0, 0],
						"1.2083": [0, 0.0625, 0],
						"1.5": {
							"pre": [0, 0.0625, 0],
							"post": [0, 0.0625, 0],
							"lerp_mode": "catmullrom"
						},
						"2.0833": [0, -0.2525, 0],
						"2.375": [0, -0.2525, 0],
						"2.5833": [0, 0.0025, 0],
						"3.625": [0, 0, 0],
						"4.5": {
							"pre": [0, 0.0625, 0],
							"post": [0, 0.0625, 0],
							"lerp_mode": "catmullrom"
						},
						"5.2917": [0, -0.06, 0],
						"5.4583": [0, -0.06, 0],
						"6.0417": [0, -0.1225, -0.3125],
						"7.0": [0, 0, 0]
					}
				},
				"body3": {
					"rotation": {
						"4.25": [0, 0, 0],
						"4.5": [-1, 0, 0],
						"4.6667": [0, 0, 0],
						"4.875": [0, 0, 0],
						"5.0": [-1, 0, 0],
						"5.25": [0, 0, 0]
					},
					"position": {
						"4.25": [0, -0.005, 0],
						"4.5": {
							"pre": [0, 0.0625, 0],
							"post": [0, 0.0625, 0],
							"lerp_mode": "catmullrom"
						},
						"4.6667": [0, 0.005, 0],
						"4.875": [0, -0.005, 0],
						"5.0": {
							"pre": [0, 0.0625, 0],
							"post": [0, 0.0625, 0],
							"lerp_mode": "catmullrom"
						},
						"5.25": [0, 0.005, 0]
					}
				},
				"camera": {
					"rotation": {
						"0.0": [0, 0, 0],
						"0.625": [0, 0, 0],
						"2.5833": [0, 0, 0],
						"2.75": [0, -1, 1],
						"3.0833": [0, 0, 0],
						"3.125": [-1, 0, 0],
						"3.1667": [0.08, 0, 0],
						"3.625": [0, 0, 0],
						"4.5": {
							"pre": [-1, 0.08722, 2.49848],
							"post": [-1, 0.08722, 2.49848],
							"lerp_mode": "catmullrom"
						},
						"5.2917": [2, 0, 0],
						"5.4583": [2, 0, 0],
						"5.9167": [1.96604, 2.0334, -0.93019],
						"6.0": [3.63, 2.03, -0.93],
						"6.0417": [7.46604, 2.0334, -0.93019],
						"6.0833": [1.96604, 2.0334, -0.93019],
						"7.0": [0, 0, 0]
					},
					"position": {
						"0.0": [0, 0, 0],
						"0.625": [0, 0, 0],
						"1.2083": [0, 0.0625, 0],
						"1.5": {
							"pre": [0, 0.0625, 0],
							"post": [0, 0.0625, 0],
							"lerp_mode": "catmullrom"
						},
						"2.0833": [0, -0.2525, 0],
						"2.375": [0, -0.2525, 0],
						"2.5833": [0, 0.0025, 0],
						"3.625": [0, 0, 0],
						"4.5": {
							"pre": [0, 0.0625, 0],
							"post": [0, 0.0625, 0],
							"lerp_mode": "catmullrom"
						},
						"5.2917": [0, -0.06, 0],
						"5.4583": [0, -0.06, 0],
						"6.0417": [0, -0.1225, -0.375],
						"7.0": [0, 0, 0]
					}
				},
				"righthand": {
					"rotation": {
						"0.0": [79.96258, -4.92385, 0.87038],
						"0.0833": [80.84632, -6.42713, -8.04724],
						"0.125": [80.75182, -10.37571, -7.40085],
						"0.2083": [73.52019, -16.29591, -6.398],
						"0.25": [70.52019, -16.29591, -6.398],
						"0.2917": [57.83342, -25.54594, -26.62696],
						"0.4167": [60.67302, -40.75555, -33.83776],
						"0.7917": [60.67302, -40.75555, -33.83776],
						"1.2083": [57.69258, -37.18578, -29.0485],
						"2.5833": [57.69258, -37.18578, -29.0485],
						"3.0": [47.16745, -4.86681, 44.47003],
						"3.125": [44.66745, -4.86681, 44.47003],
						"3.1667": [44.8602, -1.34475, 40.91529],
						"3.625": [25.8674, 51.35264, 36.96429],
						"3.7917": [27.32474, 53.58836, 38.80155],
						"5.4583": [27.32, 53.59, 38.8],
						"5.8333": [68.51569, 1.09584, -0.23483],
						"6.0417": [68.51569, 1.09584, -0.23483],
						"6.125": [82.51569, 1.09584, -0.23483],
						"6.2083": [72.51569, 1.09584, -0.23483],
						"7.0": [79.96258, -4.92385, 0.87038]
					},
					"position": {
						"0.0": [5, -14, 3],
						"0.0833": [5.375, -14, 3],
						"0.125": [5.38, -13.315, 3],
						"0.1667": [5.38, -13.375, 3],
						"0.2917": [6.6925, -14.37, 0.5625],
						"0.4167": [9.5025, -15.3075, -0.69],
						"0.7917": [9.5, -15.31, -0.69],
						"2.5833": [9.5, -15.31, -0.69],
						"3.0": [8.8125, -11.81, -5.5025],
						"3.125": [8.81, -11.81, -5.5],
						"3.625": [6.2475, -6.685, -1.4375],
						"5.4583": [6.25, -6.68, -1.44],
						"5.5417": [6.47, -9.21, -0.72],
						"5.5833": [6.69, -9.99, -0.36],
						"5.625": [6.53, -10.77, 0],
						"5.6667": [5.77, -10.8, 0.36],
						"5.7083": [5.02, -11.52, 0.72],
						"5.75": [4.26, -12.32, 1.08],
						"5.8333": [2.875, -14.68, 1.81],
						"6.0417": [2.875, -14.68, 1.81],
						"6.125": [2.005, -13.7425, 1.81],
						"6.2083": [2.3225, -13.74, 1.81],
						"6.2917": [2.5075, -13.74, 1.81],
						"6.3333": [2.51, -13.615, 1.81],
						"7.0": [5, -14, 3]
					}
				},
				"lefthand": {
					"rotation": {
						"0.0": [82.2386, 14.8687, -2.00307],
						"0.4167": [152.2386, 14.8687, -2.00307],
						"2.5833": [152.24, 14.87, -2],
						"3.0": [50.74854, 0.37941, 6.71659],
						"3.0417": [49.74854, 0.37941, 6.71659],
						"3.0833": [48.74854, 0.37941, 6.71659],
						"3.125": [47.74854, 0.37941, 6.71659],
						"3.1667": [52.5224, -21.13986, -18.89259],
						"3.625": [33.45429, 56.95403, 9.0249],
						"3.7917": [38.33406, 61.00909, 14.71411],
						"5.4583": [38.33, 61.01, 14.71],
						"5.8333": [50.57945, -9.46234, -54.60314],
						"6.0": [50.58, -9.46, -54.6],
						"6.0417": [57.75305, 22.2322, -8.66161],
						"6.0833": [72.06595, 12.82822, -2.66809],
						"6.3333": [72.07, 12.83, -2.67],
						"6.625": {
							"pre": [76.87813, 3.98885, -0.05249],
							"post": [76.87813, 3.98885, -0.05249],
							"lerp_mode": "catmullrom"
						},
						"7.0": [82.2386, 14.8687, -2.00307]
					},
					"position": {
						"0.0": [-4.375, -12, -8],
						"0.4167": [5.5675, -18.625, 4.4375],
						"2.5833": [5.57, -18.62, 4.44],
						"3.0": [7.8825, -5.245, -8.31],
						"3.0833": [7.5675, -5.6775, -7.1225],
						"3.125": [7.07, -6.18, -6.3075],
						"3.1667": [7.1325, -3.7425, -3.8725],
						"3.2083": [7.4, -3.44, -5.255],
						"3.25": [8.33, -3.13, -6.71],
						"3.3333": [4.2, -2.52, -9.61],
						"3.625": [-0.9325, -0.365, -3.9325],
						"5.4583": [-0.93, -0.36, -3.93],
						"5.625": {
							"pre": [3.74, -5.67, -3.49],
							"post": [3.74, -5.67, -3.49],
							"lerp_mode": "catmullrom"
						},
						"5.8333": [-5.93, -3.2975, -3.8675],
						"6.0": [-5.93, -3.3, -3.87],
						"6.0417": [-5.4925, -5.3, -5.5575],
						"6.0833": [-3.49, -7.175, -11.8725],
						"6.3333": [-3.49, -7.17, -11.87],
						"6.625": {
							"pre": [0.12, -10.28, -10.18],
							"post": [0.12, -10.28, -10.18],
							"lerp_mode": "catmullrom"
						},
						"7.0": [-4.375, -12, -8]
					}
				}
			}
		}
	}
}