{
	"format_version": "1.12.0",
	"minecraft:geometry": [
		{
			"description": {
				"identifier": "geometry.unknown",
				"texture_width": 16,
				"texture_height": 16,
				"visible_bounds_width": 3,
				"visible_bounds_height": 1.5,
				"visible_bounds_offset": [0, 0.25, 0]
			},
			"bones": [
				{
					"name": "bb_main",
					"pivot": [0, 0, 0],
					"cubes": [
						{
							"origin": [-12, 0.6875, 0],
							"size": [12, 0.3125, 8],
							"inflate": 0.001,
							"uv": {
								"north": {"uv": [2.176, 4.608], "uv_size": [11.656, 0.36]},
								"east": {"uv": [2.016, 4.448], "uv_size": [12.16, 1]},
								"south": {"uv": [1.984, 4.352], "uv_size": [11.848, 0.424]},
								"west": {"uv": [2.176, 4.48], "uv_size": [-0.544, 7.912]},
								"up": {"uv": [14.216, 12.672], "uv_size": [-12.456, -8.128]},
								"down": {"uv": [14.276, 4.544], "uv_size": [-12.516, 7.936]}
							}
						}
					]
				}
			]
		}
	]
}