{
	"format_version": "1.12.0",
	"minecraft:geometry": [
		{
			"description": {
				"identifier": "geometry.unknown",
				"texture_width": 16,
				"texture_height": 16,
				"visible_bounds_width": 3,
				"visible_bounds_height": 1.5,
				"visible_bounds_offset": [0, 0.25, 0]
			},
			"bones": [
				{
					"name": "bb_main",
					"pivot": [0, 0, 0],
					"cubes": [
						{
							"origin": [-13, 0.6875, 0],
							"size": [13, 0.3125, 8],
							"inflate": 0.001,
							"uv": {
								"north": {"uv": [2.88, 4.384], "uv_size": [12.04, 0.712]},
								"east": {"uv": [2.784, 4.352], "uv_size": [12.096, 0.712]},
								"south": {"uv": [2.784, 4.352], "uv_size": [12.008, 0.552]},
								"west": {"uv": [0, 0], "uv_size": [8, 1]},
								"up": {"uv": [15.112, 12.48], "uv_size": [-13.672, -8.32]},
								"down": {"uv": [15.048, 12.64], "uv_size": [-13.608, -8.448]}
							}
						}
					]
				}
			]
		}
	]
}