{
	"format_version": "1.12.0",
	"minecraft:geometry": [
		{
			"description": {
				"identifier": "geometry.unknown",
				"texture_width": 16,
				"texture_height": 16,
				"visible_bounds_width": 3,
				"visible_bounds_height": 1.5,
				"visible_bounds_offset": [0, 0.25, 0]
			},
			"bones": [
				{
					"name": "bb_main",
					"pivot": [0, 0, 0],
					"cubes": [
						{
							"origin": [-12, 0.6875, 0],
							"size": [12, 0.3125, 8],
							"inflate": 0.001,
							"uv": {
								"north": {"uv": [2.88, 4.288], "uv_size": [11.624, 0.392]},
								"east": {"uv": [2.784, 4.352], "uv_size": [12.096, 0.712]},
								"south": {"uv": [2.784, 4.352], "uv_size": [12.04, 0.264]},
								"west": {"uv": [1.088, 4.48], "uv_size": [0.544, 8.328]},
								"up": {"uv": [14.888, 12.704], "uv_size": [-13.832, -8.544]},
								"down": {"uv": [14.884, 4.416], "uv_size": [-13.796, 8.448]}
							}
						}
					]
				}
			]
		}
	]
}