{
  "model": "scp:gun/com15_geo",
  "texture": "scp:gun/uv/com15",
  "lod": {
    "model": "scp:gun/lod/com15",
    "texture": "scp:gun/lod/com15"
  },
  "muzzle_flash": {
      "texture": "tacz:flash/common_muzzle_flash",
      "scale": 1
    },
  "hud": "scp:gun/hud/com15",
  "slot": "scp:gun/slot/com15",
  "ammo_count_style": "normal",
  "damage_style": "per_projectile",
  "animation": "scp:com15",
  "use_default_animation": "pistol",
  "third_person_animation": "default",
  "player_animator_3rd": "tacz:pistol_default.player_animation",
  "show_crosshair": false,
  "transform": {
    "scale": {
      "thirdperson": [0.8, 0.8, 0.8],
      "ground": [0.6, 0.6, 0.6],
      "fixed": [1.2, 1.2, 1.2]
    }
  },
  "iron_zoom": 1.2,
  "zoom_model_fov": 45,
  "shell": {
    "initial_velocity": [5, 2, 1],
    "random_velocity": [1, 1, 0.25],
    "acceleration": [0.0, -10, 0.0],
    "angular_velocity": [360, -1200, 90],
    "living_time": 1.0
  },
    "text_show": {
    "ammo_count_text_pos": {
      "scale": 0.4,
      "align": "center",
      "shadow": false,
      "color": "#0E0A0C",
      "light": 15,
      "text": "%player_name%"
    }
  },
  "sounds": {
    "shoot": "scp:com15/com15_shoot",
    "shoot_3p": "scp:com15/com15_shoot_3p",
    "reload_empty": "scp:com15/com15_reload_empty",
    "reload_tactical": "scp:com15/com15_reload_tactical",
    "inspect": "scp:com15/com15_inspect",
    "inspect_empty": "scp:com15/com15_inspect_empty",
    "draw": "scp:com15/com15_draw1",
    "put_away": "scp:com15/com15_put_away",
    "silence": "scp:com15/com15_silence",
    "silence_3p": "scp:com15/com15_silence_3p"
  },
  "offhand_show": {
    "pos": [1, 20, 3.5],
    "rotate": [0, 0, 60],
    "scale": [0.5, 0.5, 0.5]
  },
  "hotbar_show": {
    "0": {
      "pos": [-1, 20, 3],
      "rotate": [-180, 0, 120],
      "scale": [0.5, 0.5, 0.5]
    }
  },
  "controllable": {
    "semi": {
      "low_frequency": 0.25,
      "high_frequency": 0.5,
      "time": 100
    },
    "auto": {
      "low_frequency": 0.15,
      "high_frequency": 0.25,
      "time": 80
    },
    "burst": {
      "low_frequency": 0.25,
      "high_frequency": 0.5,
      "time": 100
    }
  }
}