{
  // 默认的模型，在包目录下的 models 文件夹中寻找，不可为空
  "model": "scp:gun/com45_geo",
  // 默认材质，不可为空
  "texture": "scp:gun/uv/com45",
  // 低模
  "lod": {
    "model": "scp:gun/lod/com45",
    "texture": "scp:gun/lod/com45"
  },
  // GUI/HUD 界面的 2D 材质，在包目录下的 textures 文件夹中寻找，可为空，若为空，则对应位置不会渲染
  "hud": "scp:gun/hud/com45",
  // GUI/HUD 界面的 2D 材质，在包目录下的 textures 文件夹中寻找，可为空
  // 若为空，则对应位置渲染改为：上述 hud + 代码着成红色
  // "hud_empty": "scp:gun/hud/com45_empty",
  // 背包/快捷栏等容器中槽位显示的 2D 材质，在包目录下的 textures 文件夹中寻找，不建议为空
  "slot": "scp:gun/slot/com45",
  // 弹药计量样式，可选值：”normal“(显示实际值)、”percent“(显示百分比)，默认为”normal“
  "ammo_count_style": "normal",
  // tooltip的伤害显示样式，可选值：”total“(总伤害)、”per_projectile“(单发弹丸伤害x弹丸数量)，默认为”per_projectile“
  "damage_style": "total",
  // 调用的动画名，会在包目录下的 animations 文件夹中寻找，不建议为空
  "animation": "scp:com45",
  // 指定使用缺省动画，可为空。如果上文指定的动画文件里缺少某个动画，如 draw 动画，则会从缺省动画拷贝。
  // 值可为 rifle、pistol
  "use_default_animation": "pistol",
  // 第三人称动画，硬编码，只能选择已有类型，默认只有 default
  "third_person_animation": "default",
  // 第三人称动画，安装 player animator 模组后才会显示
  "player_animator_3rd": "scp:pistol_default.player_animation",
  // 显示准星，默认情况下瞄准会隐藏准星，将其设置为 true 则不会
  "show_crosshair": false,
  // 调整各个视角下模型的变换参数，可为空
  "transform": {
    // 暂时只有缩放需要在这里指定，旋转和位移使用模型内定位组。
    // 可以为空，若为空，则不缩放模型。
    "scale": {
      // 第三人称手部
      "thirdperson": [0.6, 0.6, 0.6],
      // 地面实体
      "ground": [0.6, 0.6, 0.6],
      // 展示框
      "fixed": [1.2, 1.2, 1.2]
    }
  },
  "muzzle_flash": {
    "texture": "tacz:flash/common_muzzle_flash",
    "scale": 1
  },
  // 机瞄的放大倍数，默认 1.2
  "iron_zoom": 1.33,
  // 抛壳的渲染数据，可为空，若为空，则枪械不抛壳
  "zoom_model_fov": 45,
  // 抛壳的渲染数据，可为空，若为空，则枪械不抛壳
  "shell": {
    // 抛壳的初速度
    "initial_velocity": [5, 2, 1],
    // 抛壳随机变化的运动速度
    "random_velocity": [1, 1, 0.25],
    // 抛壳的加速度
    "acceleration": [0.0, -10, 0.0],
    // 抛壳的三轴角速度
    "angular_velocity": [360, -1200, 90],
    // 抛壳渲染存活时间，单位为秒
    "living_time": 1.0
  },
  // 枪械音效，在包目录下 sounds 文件夹内寻找，不建议为空
  "sounds": {
    "shoot": "scp:com45/com45_shoot",
    "shoot_3p": "scp:com45/com45_shoot_3p",
    "reload_empty": "scp:com45/com45_reload_empty",
    "reload_tactical": "scp:com45/com45_reload_tactical",
    "inspect": "scp:com45/com45_inspect",
    "inspect_empty": "scp:com45/com45_inspect_empty",
    "draw": "scp:com45/com45_draw",
    "put_away": "scp:com45/com45_put_away",
    "silence": "scp:com45/com45_silence",
    "silence_3p": "scp:com45/com45_silence_3p"
  },
  // 副手枪械显示
  "offhand_show": {
    // 位置，和基岩版的数值显示一致
    // 默认是 [-2, 20, 3.5]
    "pos": [1, 20, 3.5],
    // 旋转，单位为角度，默认就是 [0, 0, -30]
    "rotate": [0, 0, 60],
    // 缩放，默认就是 [0.6, 0.6, 0.6]
    "scale": [0.5, 0.5, 0.5]
  },
  // 快捷栏枪械显示
  // 没有此字段，不显示快捷栏枪械
  "hotbar_show": {
    // 快捷栏索引，默认是 0-8，共九个，但是实际上除去主手，只能显示八个
    // 没有的，则不会显示
    "0": {
      "pos": [-1, 20, 3],
      "rotate": [-180, 0, 120],
      "scale": [0.5, 0.5, 0.5]
    }
  },
  // controllable 模组支持，用于调节手柄的震动强度
  "controllable": {
    // 开火模式
    "semi": {
      // 低频马达，也就是手柄左侧那个马达，个头较小
      // 范围 0-1，1 震动最大
      "low_frequency": 0.25,
      // 高频马达，也就是手柄右侧那个马达，个头较大
      "high_frequency": 0.5,
      // 震动时长，单位 ms
      "time": 100
    },
    "auto": {
      "low_frequency": 0.15,
      "high_frequency": 0.25,
      "time": 80
    },
    "burst": {
      "low_frequency": 0.25,
      "high_frequency": 0.5,
      "time": 100
    }
  }
}
