{
  "model": "scp:gun/scp127_1_geo",
  "texture": "scp:gun/uv/scp127_1",
  "lod": {
    "model": "scp:gun/lod/scp127_1",
    "texture": "scp:gun/lod/scp127_1"
  },
  "hud": "scp:gun/hud/scp127_1",
  "slot": "scp:gun/slot/scp127_1",
  "ammo_count_style": "normal",
  "damage_style": "per_projectile",
  "animation": "scp:scp127_1",
  "use_default_animation": "rifle",
  "third_person_animation": "default",
  "player_animator_3rd": "scp:rifle_default.player_animation",
  "show_crosshair": false,
  "transform": {
    "scale": {
      "thirdperson": [0.6, 0.6, 0.6],
      "ground": [0.6, 0.6, 0.6],
      "fixed": [1.2, 1.2, 1.2]
    }
  },
  "muzzle_flash": {
    "texture": "scp:flash/127_muzzle_flash",
    "scale": 0.6
  },
  "iron_zoom": 1.33,
  "zoom_model_fov": 45,
  "ammo": {
    "tracer_color": "#F2FFFF"
  },
  "sounds": {
    "shoot": "scp:scp127/scp127_shoot",
    "shoot_3p": "scp:scp127/scp127_shoot_3p",
    "reload_empty": "scp:scp127/scp127_reload_empty",
    "reload_tactical": "scp:scp127/scp127_reload_tactical",
    "inspect": "scp:scp127/scp127_inspect",
    "inspect_empty": "scp:scp127/scp127_inspect_empty",
    "draw": "scp:scp127/scp127_draw1",
    "put_away": "scp:scp127/scp127_put_away1",
    "silence": "scp:scp127/scp127_silence",
    "silence_3p": "scp:scp127/scp127_silence_3p",
    "kill": "scp:scp127/scp127_kill1"
  },
  "offhand_show": {
    "pos": [1, 20, 3.5],
    "rotate": [0, 0, 60],
    "scale": [0.5, 0.5, 0.5]
  },
  "hotbar_show": {
    "0": {
      "pos": [-1, 20, 3],
      "rotate": [-180, 0, 120],
      "scale": [0.5, 0.5, 0.5]
    }
  },
  "controllable": {
    "semi": {
      "low_frequency": 0.25,
      "high_frequency": 0.5,
      "time": 100
    },
    "auto": {
      "low_frequency": 0.15,
      "high_frequency": 0.25,
      "time": 80
    },
    "burst": {
      "low_frequency": 0.25,
      "high_frequency": 0.5,
      "time": 100
    }
  }
}