{
  "model": "scp:block/scp_table",
  "texture": "scp:block/uv/scp_table",
  "transforms": {
    "thirdperson_righthand": {
			"rotation": [75, 26, 0],
			"translation": [0.5, 2.5, 0],
			"scale": [0.375, 0.375, 0.375]
		},
		"thirdperson_lefthand": {
			"rotation": [75, 7, 0],
			"translation": [-6.5, 0.75, 0],
			"scale": [0.375, 0.375, 0.375]
		},
		"firstperson_righthand": {
			"translation": [-0.75, 2.5, 1.5],
			"scale": [0.3, 0.3, 0.3]
		},
		"firstperson_lefthand": {
			"translation": [-4.75, 1.5, 0.25],
			"scale": [0.3, 0.3, 0.3]
		},
		"ground": {
			"scale": [0.375, 0.375, 0.375]
		},
		"gui": {
			"rotation": [15, 145, 0],
			"translation": [-3.25, -2, 0],
			"scale": [0.5, 0.5, 0.5]
		},
		"head": {
			"translation": [8, 3.25, 0]
		},
		"fixed": {
			"translation": [3.25, -1.25, -1.75],
			"scale": [0.375, 0.375, 0.375]
		}
  }
}