{
	"format_version": "1.12.0",
	"minecraft:geometry": [
		{
			"description": {
				"identifier": "geometry.scp",
				"texture_width": 64,
				"texture_height": 64,
				"visible_bounds_width": 4,
				"visible_bounds_height": 2.5,
				"visible_bounds_offset": [0, 0.75, 0]
			},
			"bones": [
				{
					"name": "root",
					"pivot": [0.475, 5.125, 5.0375]
				},
				{
					"name": "camera",
					"parent": "root",
					"pivot": [3.65, 12.7875, 16.2]
				},
				{
					"name": "view",
					"parent": "root",
					"pivot": [0, -0.3, 0]
				},
				{
					"name": "idle_view",
					"parent": "view",
					"pivot": [5.325, 14.6375, 20.9]
				},
				{
					"name": "iron_view",
					"parent": "view",
					"pivot": [0, 12.5125, 23.225]
				},
				{
					"name": "refit_view",
					"parent": "view",
					"pivot": [39.1, 11.6, -2.65],
					"rotation": [0, 90, 0]
				},
				{
					"name": "refit_muzzle_view",
					"parent": "view",
					"pivot": [9.975, 8.7, -25.0875],
					"rotation": [0, 120, 0]
				},
				{
					"name": "refit_stock_view",
					"parent": "view",
					"pivot": [10, 8.7, 11],
					"rotation": [0, 90, 0]
				},
				{
					"name": "refit_scope_view",
					"parent": "view",
					"pivot": [9.8, 10.625, 2.2],
					"rotation": [0, 50, 0]
				},
				{
					"name": "refit_extended_mag_view",
					"parent": "view",
					"pivot": [11.125, -1.8, 0.25],
					"rotation": [0, 90, 35]
				},
				{
					"name": "refit_laser_view",
					"parent": "view",
					"pivot": [9.125, 9.7, -1.75],
					"rotation": [0, 70, 0]
				},
				{
					"name": "refit_grip_view",
					"parent": "view",
					"pivot": [8.425, 6.1, -5.8125],
					"rotation": [0, 90, 0]
				},
				{
					"name": "right_hand_and_gun",
					"parent": "root",
					"pivot": [0, 8.4375, 1.0625]
				},
				{
					"name": "righthand",
					"parent": "right_hand_and_gun",
					"pivot": [-0.25, 3.11024, 13.28679],
					"rotation": [0, 0, -70]
				},
				{
					"name": "righthand_pos",
					"parent": "righthand",
					"pivot": [-6.25, -7.88976, 13.28679],
					"cubes": [
						{
							"origin": [-2.25, -12.88976, 11.28679],
							"size": [3, 17, 4],
							"uv": {
								"north": {"uv": [0, 0], "uv_size": [4, 12]},
								"east": {"uv": [4, 0], "uv_size": [4, 12]},
								"south": {"uv": [8, 0], "uv_size": [4, 12]},
								"west": {"uv": [0, 12], "uv_size": [4, 12]},
								"up": {"uv": [12, 0], "uv_size": [4, 4]},
								"down": {"uv": [4, 16], "uv_size": [4, -4]}
							}
						}
					]
				},
				{
					"name": "positioning",
					"parent": "root",
					"pivot": [0, 0, 0]
				},
				{
					"name": "ground",
					"parent": "positioning",
					"pivot": [0, 0, 0]
				},
				{
					"name": "thirdperson_hand",
					"parent": "positioning",
					"pivot": [0, 8, 2]
				},
				{
					"name": "fixed",
					"parent": "positioning",
					"pivot": [2, 9, 0]
				},
				{
					"name": "left_hand_and_mag",
					"parent": "root",
					"pivot": [-1.375, 4.375, 13.9375]
				},
				{
					"name": "lefthand",
					"parent": "left_hand_and_mag",
					"pivot": [0.25, 7.04774, 2.47429],
					"rotation": [76.47849, 0.11179, 0.40281]
				},
				{
					"name": "lefthand_pos",
					"parent": "lefthand",
					"pivot": [5.5, -3.57726, 2.47429],
					"cubes": [
						{
							"origin": [-1.5, -8.57726, 0.47429],
							"size": [3, 17, 4],
							"uv": {
								"north": {"uv": [0, 0], "uv_size": [4, 12]},
								"east": {"uv": [4, 0], "uv_size": [4, 12]},
								"south": {"uv": [8, 0], "uv_size": [4, 12]},
								"west": {"uv": [0, 12], "uv_size": [4, 12]},
								"up": {"uv": [12, 0], "uv_size": [4, 4]},
								"down": {"uv": [4, 16], "uv_size": [4, -4]}
							}
						}
					]
				},
				{
					"name": "com15",
					"parent": "left_hand_and_mag",
					"pivot": [0.49063, 0, 0.6]
				},
				{
					"name": "sight",
					"parent": "com15",
					"pivot": [0.49063, 0, 0.6]
				},
				{
					"name": "gun_body",
					"parent": "com15",
					"pivot": [0.49063, 0, 0.6],
					"cubes": [
						{
							"origin": [-0.78437, 9.75, -2.5875],
							"size": [1.6125, 0.5, 2.1875],
							"inflate": 0.002,
							"uv": {
								"north": {"uv": [25, 9], "uv_size": [1.625, 0.5]},
								"east": {"uv": [13, 24], "uv_size": [2.1875, 0.5]},
								"west": {"uv": [24, 13], "uv_size": [2.1875, 0.5]},
								"down": {"uv": [8, 20.1875], "uv_size": [1.625, -2.1875]}
							}
						},
						{
							"origin": [-0.65937, 9.75, -5.15],
							"size": [1.3625, 0.5, 2.5625],
							"inflate": 0.003,
							"uv": {
								"north": {"uv": [25, 21], "uv_size": [1.375, 0.5]},
								"east": {"uv": [23, 6], "uv_size": [2.5625, 0.5]},
								"west": {"uv": [14, 23], "uv_size": [2.5625, 0.5]},
								"up": {"uv": [10, 18], "uv_size": [1.375, 2.5625]},
								"down": {"uv": [12, 21.5625], "uv_size": [1.375, -2.5625]}
							}
						},
						{
							"origin": [-0.67187, 9.3125, 5.1875],
							"size": [1.25, 1.0625, 0.5625],
							"pivot": [0.01563, 9.3125, 4.875],
							"rotation": [-34, 0, 0],
							"uv": {
								"north": {"uv": [0, 23], "uv_size": [1.25, 1.0625]},
								"east": {"uv": [8, 26], "uv_size": [0.5625, 1.0625]},
								"south": {"uv": [7, 23], "uv_size": [1.25, 1.0625]},
								"west": {"uv": [14, 26], "uv_size": [0.5625, 1.0625]},
								"up": {"uv": [14, 25], "uv_size": [1.25, 0.5625]},
								"down": {"uv": [21, 25.5625], "uv_size": [1.25, -0.5625]}
							}
						},
						{
							"origin": [-0.85937, 9.75, -0.7045],
							"size": [0.125, 0.0625, 0.1875],
							"pivot": [0.14063, 9.25, 0.108],
							"rotation": [-45, 0, 0],
							"uv": {
								"north": {"uv": [34, 11], "uv_size": [0.125, 0.0625]},
								"east": {"uv": [34, 1], "uv_size": [0.1875, 0.0625]},
								"south": {"uv": [12, 34], "uv_size": [0.125, 0.0625]},
								"west": {"uv": [2, 34], "uv_size": [0.1875, 0.0625]},
								"up": {"uv": [16, 33], "uv_size": [0.125, 0.1875]},
								"down": {"uv": [33, 16.1875], "uv_size": [0.125, -0.1875]}
							}
						},
						{
							"origin": [-0.85937, 10.76647, -0.22909],
							"size": [0.125, 0.0625, 0.1875],
							"pivot": [0.14063, 10.26647, 0.58341],
							"rotation": [45, 0, 0],
							"uv": {
								"north": {"uv": [34, 12], "uv_size": [0.125, 0.0625]},
								"east": {"uv": [34, 2], "uv_size": [0.1875, 0.0625]},
								"south": {"uv": [13, 34], "uv_size": [0.125, 0.0625]},
								"west": {"uv": [3, 34], "uv_size": [0.1875, 0.0625]},
								"up": {"uv": [17, 33], "uv_size": [0.125, 0.1875]},
								"down": {"uv": [33, 17.1875], "uv_size": [0.125, -0.1875]}
							}
						},
						{
							"origin": [-0.85937, 10.15977, -0.25628],
							"size": [0.125, 0.0625, 0.1875],
							"uv": {
								"north": {"uv": [34, 13], "uv_size": [0.125, 0.0625]},
								"east": {"uv": [34, 3], "uv_size": [0.1875, 0.0625]},
								"south": {"uv": [14, 34], "uv_size": [0.125, 0.0625]},
								"west": {"uv": [4, 34], "uv_size": [0.1875, 0.0625]},
								"up": {"uv": [18, 33], "uv_size": [0.125, 0.1875]},
								"down": {"uv": [33, 18.1875], "uv_size": [0.125, -0.1875]}
							}
						},
						{
							"origin": [-0.85937, 11.21469, -0.2487],
							"size": [0.125, 0.0625, 0.1875],
							"pivot": [0.14063, 10.71469, 0.5638],
							"rotation": [90, 0, 0],
							"uv": {
								"north": {"uv": [34, 14], "uv_size": [0.125, 0.0625]},
								"east": {"uv": [34, 4], "uv_size": [0.1875, 0.0625]},
								"south": {"uv": [15, 34], "uv_size": [0.125, 0.0625]},
								"west": {"uv": [5, 34], "uv_size": [0.1875, 0.0625]},
								"up": {"uv": [19, 33], "uv_size": [0.125, 0.1875]},
								"down": {"uv": [33, 19.1875], "uv_size": [0.125, -0.1875]}
							}
						},
						{
							"origin": [-0.85937, 11.21469, -0.26386],
							"size": [0.125, 0.0625, 0.1875],
							"pivot": [0.14063, 10.71469, -0.88886],
							"rotation": [-90, 0, 0],
							"uv": {
								"north": {"uv": [34, 15], "uv_size": [0.125, 0.0625]},
								"east": {"uv": [34, 5], "uv_size": [0.1875, 0.0625]},
								"south": {"uv": [16, 34], "uv_size": [0.125, 0.0625]},
								"west": {"uv": [34, 6], "uv_size": [0.1875, 0.0625]},
								"up": {"uv": [20, 33], "uv_size": [0.125, 0.1875]},
								"down": {"uv": [33, 20.1875], "uv_size": [0.125, -0.1875]}
							}
						},
						{
							"origin": [-0.85937, 9.17103, -0.22909],
							"size": [0.125, 0.0625, 0.1875],
							"pivot": [0.14063, 9.73353, 0.58341],
							"rotation": [-45, 0, 0],
							"uv": {
								"north": {"uv": [34, 16], "uv_size": [0.125, 0.0625]},
								"east": {"uv": [7, 34], "uv_size": [0.1875, 0.0625]},
								"south": {"uv": [17, 34], "uv_size": [0.125, 0.0625]},
								"west": {"uv": [34, 7], "uv_size": [0.1875, 0.0625]},
								"up": {"uv": [33, 21], "uv_size": [0.125, 0.1875]},
								"down": {"uv": [33, 22.1875], "uv_size": [0.125, -0.1875]}
							}
						},
						{
							"origin": [-0.85937, 9.77773, -0.25628],
							"size": [0.125, 0.0625, 0.1875],
							"uv": {
								"north": {"uv": [34, 17], "uv_size": [0.125, 0.0625]},
								"east": {"uv": [8, 34], "uv_size": [0.1875, 0.0625]},
								"south": {"uv": [18, 34], "uv_size": [0.125, 0.0625]},
								"west": {"uv": [34, 8], "uv_size": [0.1875, 0.0625]},
								"up": {"uv": [23, 33], "uv_size": [0.125, 0.1875]},
								"down": {"uv": [33, 23.1875], "uv_size": [0.125, -0.1875]}
							}
						},
						{
							"origin": [-0.85937, 10.1875, -0.7045],
							"size": [0.125, 0.0625, 0.1875],
							"pivot": [0.14063, 10.75, 0.108],
							"rotation": [45, 0, 0],
							"uv": {
								"north": {"uv": [34, 18], "uv_size": [0.125, 0.0625]},
								"east": {"uv": [9, 34], "uv_size": [0.1875, 0.0625]},
								"south": {"uv": [19, 34], "uv_size": [0.125, 0.0625]},
								"west": {"uv": [34, 9], "uv_size": [0.1875, 0.0625]},
								"up": {"uv": [24, 33], "uv_size": [0.125, 0.1875]},
								"down": {"uv": [33, 24.1875], "uv_size": [0.125, -0.1875]}
							}
						},
						{
							"origin": [0.95313, 9.625, 6.6875],
							"size": [0.5, 0.4375, 0.6875],
							"pivot": [-0.04687, 9.625, 8.1875],
							"rotation": [11.01677, 17.18601, -40.81993],
							"uv": {
								"north": {"uv": [1, 31], "uv_size": [0.5, 0.4375]},
								"east": {"uv": [29, 28], "uv_size": [0.6875, 0.4375]},
								"south": {"uv": [3, 31], "uv_size": [0.5, 0.4375]},
								"west": {"uv": [29, 29], "uv_size": [0.6875, 0.4375]},
								"up": {"uv": [29, 1], "uv_size": [0.5, 0.6875]},
								"down": {"uv": [29, 2.6875], "uv_size": [0.5, -0.6875]}
							}
						},
						{
							"origin": [-0.79687, 10.25, -0.375],
							"size": [0.4375, 0.8125, 2],
							"uv": {
								"north": {"uv": [16, 10], "uv_size": [0.4375, 0.8125]},
								"east": {"uv": [22, 5], "uv_size": [2, 0.8125]},
								"south": {"uv": [12, 18], "uv_size": [0.4375, 0.8125]},
								"west": {"uv": [7, 22], "uv_size": [2, 0.8125]},
								"up": {"uv": [24, 21], "uv_size": [0.4375, 2]},
								"down": {"uv": [24, 26], "uv_size": [0.4375, -2]}
							}
						},
						{
							"origin": [-0.79687, 7.75, 2.875],
							"size": [0.3125, 0.4375, 0.4375],
							"pivot": [0.26563, 7.75, 2.3125],
							"rotation": [10, 0, 0],
							"uv": {
								"north": {"uv": [32, 11], "uv_size": [0.3125, 0.4375]},
								"east": {"uv": [31, 26], "uv_size": [0.4375, 0.4375]},
								"south": {"uv": [12, 32], "uv_size": [0.3125, 0.4375]},
								"west": {"uv": [31, 27], "uv_size": [0.4375, 0.4375]},
								"up": {"uv": [32, 12], "uv_size": [0.3125, 0.4375]},
								"down": {"uv": [13, 32.4375], "uv_size": [0.3125, -0.4375]}
							}
						},
						{
							"origin": [-0.79687, 9.75, -2.4375],
							"size": [0.9375, 0.5, 3.0625],
							"inflate": 0.001,
							"uv": {
								"north": {"uv": [8, 15], "uv_size": [0.9375, 0.5]},
								"east": {"uv": [22, 7], "uv_size": [3.0625, 0.5]},
								"south": {"uv": [8, 15], "uv_size": [0.9375, 0.5]},
								"west": {"uv": [22, 7], "uv_size": [3.0625, 0.5]},
								"up": {"uv": [14, 0], "uv_size": [0.9375, 3.0625]},
								"down": {"uv": [14.9375, 3.0625], "uv_size": [-0.9375, -3.0625]}
							}
						},
						{
							"origin": [-0.79687, 10.5, -5.375],
							"size": [1.5625, 0.25, 4.875],
							"inflate": 0.003,
							"uv": {
								"north": {"uv": [28, 23], "uv_size": [1.5625, 0.25]},
								"east": {"uv": [23, 16], "uv_size": [4.875, 0.25]},
								"south": {"uv": [28, 23], "uv_size": [1.5625, 0.25]},
								"west": {"uv": [23, 16], "uv_size": [4.875, 0.25]},
								"up": {"uv": [12, 6], "uv_size": [1.5625, 4.875]},
								"down": {"uv": [12, 10.875], "uv_size": [1.5625, -4.875]}
							}
						},
						{
							"origin": [-0.79687, 9.875, -5.375],
							"size": [1.5625, 0.875, 0.25],
							"inflate": 0.002,
							"uv": {
								"north": {"uv": [22, 22], "uv_size": [1.5625, 0.875]},
								"east": {"uv": [4, 31], "uv_size": [0.25, 0.875]},
								"south": {"uv": [22, 22], "uv_size": [1.5625, 0.875]},
								"west": {"uv": [4, 31], "uv_size": [0.25, 0.875]},
								"up": {"uv": [28, 23], "uv_size": [1.5625, 0.25]},
								"down": {"uv": [28, 23.25], "uv_size": [1.5625, -0.25]}
							}
						},
						{
							"origin": [0.85938, 9.8125, 2.6875],
							"size": [0, 0.375, 2.5],
							"uv": {
								"north": {"uv": [0, 0], "uv_size": [0, 0.375]},
								"east": {"uv": [24, 20], "uv_size": [2.5, 0.375]},
								"south": {"uv": [0, 0], "uv_size": [0, 0.375]},
								"west": {"uv": [21, 24], "uv_size": [2.5, 0.375]},
								"up": {"uv": [0, 0], "uv_size": [0, 2.5]},
								"down": {"uv": [0, 2.5], "uv_size": [0, -2.5]}
							}
						},
						{
							"origin": [-1.42187, 9.6875, 6.6875],
							"size": [0.5, 0.4375, 0.6875],
							"pivot": [0.07813, 9.6875, 8.1875],
							"rotation": [11.01677, -17.18601, 40.81993],
							"uv": {
								"north": {"uv": [31, 8], "uv_size": [0.5, 0.4375]},
								"east": {"uv": [0, 30], "uv_size": [0.6875, 0.4375]},
								"south": {"uv": [9, 31], "uv_size": [0.5, 0.4375]},
								"west": {"uv": [1, 30], "uv_size": [0.6875, 0.4375]},
								"up": {"uv": [29, 8], "uv_size": [0.5, 0.6875]},
								"down": {"uv": [29, 9.6875], "uv_size": [0.5, -0.6875]}
							}
						},
						{
							"origin": [-0.6875, 8.3125, 3.625],
							"size": [1.3125, 2, 2],
							"uv": {
								"north": {"uv": [16, 19], "uv_size": [1.3125, 2]},
								"east": {"uv": [17, 3], "uv_size": [2, 2]},
								"south": {"uv": [16, 19], "uv_size": [1.3125, 2]},
								"west": {"uv": [17, 3], "uv_size": [2, 2]},
								"up": {"uv": [17.3125, 21], "uv_size": [-1.3125, -2]},
								"down": {"uv": [17.3125, 21], "uv_size": [-1.3125, -2]}
							}
						},
						{
							"origin": [-0.67187, 9.875, 6.75],
							"size": [1.25, 1.8125, 0.4375],
							"pivot": [0.01563, 10.5, 6.125],
							"rotation": [-71.5, 0, 0],
							"uv": {
								"north": {"uv": [0, 23], "uv_size": [1.25, 1.0625]},
								"east": {"uv": [8, 26], "uv_size": [0.5625, 1.0625]},
								"south": {"uv": [7, 23], "uv_size": [1.25, 1.0625]},
								"west": {"uv": [14, 26], "uv_size": [0.5625, 1.0625]},
								"up": {"uv": [14, 25], "uv_size": [1.25, 0.5625]},
								"down": {"uv": [21, 25.5625], "uv_size": [1.25, -0.5625]}
							}
						},
						{
							"origin": [-3.61975, 8.08, -3.933],
							"size": [0.133, 0.156, 1.25],
							"pivot": [-0.18175, 5.48, -0.449],
							"rotation": [0, 0, 45],
							"uv": {
								"north": {"uv": [26, 33], "uv_size": [0.125, 0.15625]},
								"east": {"uv": [31, 23], "uv_size": [1.25, 0.15625]},
								"south": {"uv": [33, 26], "uv_size": [0.125, 0.15625]},
								"west": {"uv": [31, 24], "uv_size": [1.25, 0.15625]},
								"up": {"uv": [32.25, 24.15625], "uv_size": [-1.25, -0.15625]},
								"down": {"uv": [7, 33.25], "uv_size": [0.125, -1.25]}
							}
						},
						{
							"origin": [-0.68075, 9.656, -3.933],
							"size": [1.375, 0.094, 1.25],
							"uv": {
								"north": {"uv": [32, 13], "uv_size": [1.375, 0.09375]},
								"east": {"uv": [31, 24], "uv_size": [1.25, 0.15625]},
								"south": {"uv": [31, 24], "uv_size": [1.25, 0.15625]},
								"west": {"uv": [31, 24], "uv_size": [1.25, 0.15625]},
								"up": {"uv": [32.25, 24.15625], "uv_size": [-1.25, -0.15625]},
								"down": {"uv": [4, 23.25], "uv_size": [1.375, -1.25]}
							}
						},
						{
							"origin": [3.53725, 8.167, -3.933],
							"size": [0.133, 0.156, 1.25],
							"pivot": [0.31825, 5.48, -0.449],
							"rotation": [0, 0, -45],
							"uv": {
								"north": {"uv": [27, 33], "uv_size": [0.125, 0.15625]},
								"east": {"uv": [31, 24], "uv_size": [1.25, 0.15625]},
								"south": {"uv": [33, 27], "uv_size": [0.125, 0.15625]},
								"west": {"uv": [31, 25], "uv_size": [1.25, 0.15625]},
								"up": {"uv": [32.25, 24.15625], "uv_size": [-1.25, -0.15625]},
								"down": {"uv": [32, 8.25], "uv_size": [0.125, -1.25]}
							}
						},
						{
							"origin": [-3.61975, 8.08, -5.0265],
							"size": [0.133, 0.156, 0.906],
							"pivot": [-0.18175, 5.48, -0.3865],
							"rotation": [0, 0, 45],
							"uv": {
								"north": {"uv": [33, 28], "uv_size": [0.125, 0.15625]},
								"east": {"uv": [8, 32], "uv_size": [0.90625, 0.15625]},
								"south": {"uv": [29, 33], "uv_size": [0.125, 0.15625]},
								"west": {"uv": [31, 24], "uv_size": [1.25, 0.15625]},
								"up": {"uv": [32.25, 24.15625], "uv_size": [-1.25, -0.15625]},
								"down": {"uv": [16, 32.90625], "uv_size": [0.125, -0.90625]}
							}
						},
						{
							"origin": [-0.68075, 9.656, -5.0265],
							"size": [1.375, 0.094, 0.906],
							"uv": {
								"north": {"uv": [31, 24], "uv_size": [1.25, 0.15625]},
								"east": {"uv": [31, 24], "uv_size": [1.25, 0.15625]},
								"south": {"uv": [14, 32], "uv_size": [1.375, 0.09375]},
								"west": {"uv": [31, 24], "uv_size": [1.25, 0.15625]},
								"up": {"uv": [32.25, 24.15625], "uv_size": [-1.25, -0.15625]},
								"down": {"uv": [23, 15.90625], "uv_size": [1.375, -0.90625]}
							}
						},
						{
							"origin": [3.53725, 8.167, -5.0265],
							"size": [0.133, 0.156, 0.906],
							"pivot": [0.31825, 5.48, -0.3865],
							"rotation": [0, 0, -45],
							"uv": {
								"north": {"uv": [33, 29], "uv_size": [0.125, 0.15625]},
								"east": {"uv": [31, 24], "uv_size": [1.25, 0.15625]},
								"south": {"uv": [30, 33], "uv_size": [0.125, 0.15625]},
								"west": {"uv": [9, 32], "uv_size": [0.90625, 0.15625]},
								"up": {"uv": [32.25, 24.15625], "uv_size": [-1.25, -0.15625]},
								"down": {"uv": [32, 16.90625], "uv_size": [0.125, -0.90625]}
							}
						},
						{
							"origin": [-0.68075, 11.714, -0.7145],
							"size": [1.375, 0.133, 0.135],
							"pivot": [0.06825, 5.48, -0.3865],
							"rotation": [45, 0, 0],
							"uv": {
								"north": {"uv": [0, 32], "uv_size": [1.375, 0.125]},
								"east": {"uv": [33, 33], "uv_size": [0.125, 0.125]},
								"south": {"uv": [31, 24], "uv_size": [1.25, 0.15625]},
								"west": {"uv": [0, 34], "uv_size": [0.125, 0.125]},
								"up": {"uv": [32.25, 24.15625], "uv_size": [-1.25, -0.15625]},
								"down": {"uv": [32.25, 24.15625], "uv_size": [-1.25, -0.15625]}
							}
						},
						{
							"origin": [-0.625, 10.125, -5.125],
							"size": [0.125, 0.125, 2.5625],
							"pivot": [-0.625, 10.125, -3.6875],
							"rotation": [0, 0, -45],
							"uv": {
								"north": {"uv": [34, 0], "uv_size": [0.125, 0.125]},
								"east": {"uv": [21, 29], "uv_size": [2.5625, 0.125]},
								"south": {"uv": [34, 0], "uv_size": [0.125, 0.125]},
								"west": {"uv": [21, 29], "uv_size": [2.5625, 0.125]},
								"up": {"uv": [24, 29], "uv_size": [0.125, 2.5625]},
								"down": {"uv": [24.125, 31.5625], "uv_size": [-0.125, -2.5625]}
							}
						},
						{
							"origin": [0.5625, 10.125, -5.125],
							"size": [0.125, 0.125, 2.5625],
							"pivot": [0.6875, 10.125, -3.6875],
							"rotation": [0, 0, 45],
							"uv": {
								"north": {"uv": [1, 34], "uv_size": [0.125, 0.125]},
								"east": {"uv": [25, 29], "uv_size": [2.5625, 0.125]},
								"south": {"uv": [1, 34], "uv_size": [0.125, 0.125]},
								"west": {"uv": [25, 29], "uv_size": [2.5625, 0.125]},
								"up": {"uv": [29, 25], "uv_size": [0.125, 2.5625]},
								"down": {"uv": [29.125, 27.5625], "uv_size": [-0.125, -2.5625]}
							}
						},
						{
							"origin": [-3.48175, 8.7845, -5.433],
							"size": [0.312, 0.129, 2.75],
							"pivot": [0.06825, 5.5425, -0.574],
							"rotation": [0, 0, 45],
							"uv": {
								"north": {"uv": [33, 10], "uv_size": [0.3125, 0.125]},
								"east": {"uv": [29, 13], "uv_size": [2.75, 0.125]},
								"south": {"uv": [33, 11], "uv_size": [0.3125, 0.125]},
								"west": {"uv": [29, 16], "uv_size": [2.75, 0.125]},
								"up": {"uv": [1, 25], "uv_size": [0.3125, 2.75]},
								"down": {"uv": [1, 27.75], "uv_size": [0.3125, -2.75]}
							}
						},
						{
							"origin": [-3.39075, 8.6935, -5.433],
							"size": [0.129, 0.312, 2.75],
							"pivot": [0.06825, 5.5425, -0.574],
							"rotation": [0, 0, 45],
							"uv": {
								"north": {"uv": [12, 33], "uv_size": [0.125, 0.3125]},
								"east": {"uv": [1, 25], "uv_size": [0.3125, 2.75]},
								"south": {"uv": [33, 12], "uv_size": [0.125, 0.3125]},
								"west": {"uv": [1, 25], "uv_size": [0.3125, 2.75]},
								"up": {"uv": [14, 29], "uv_size": [0.125, 2.75]},
								"down": {"uv": [15, 31.75], "uv_size": [0.125, -2.75]}
							}
						},
						{
							"origin": [-0.14975, 10.2165, -5.433],
							"size": [0.312, 0.129, 2.75],
							"uv": {
								"north": {"uv": [13, 33], "uv_size": [0.3125, 0.125]},
								"east": {"uv": [17, 29], "uv_size": [2.75, 0.125]},
								"south": {"uv": [1, 25], "uv_size": [0.3125, 2.75]},
								"west": {"uv": [29, 17], "uv_size": [2.75, 0.125]},
								"up": {"uv": [1, 25], "uv_size": [0.3125, 2.75]},
								"down": {"uv": [1, 27.75], "uv_size": [0.3125, -2.75]}
							}
						},
						{
							"origin": [-0.05775, 10.1245, -5.433],
							"size": [0.129, 0.312, 2.75],
							"uv": {
								"north": {"uv": [14, 33], "uv_size": [0.125, 0.3125]},
								"east": {"uv": [1, 25], "uv_size": [0.3125, 2.75]},
								"south": {"uv": [1, 25], "uv_size": [0.3125, 2.75]},
								"west": {"uv": [1, 25], "uv_size": [0.3125, 2.75]},
								"up": {"uv": [20, 29], "uv_size": [0.125, 2.75]},
								"down": {"uv": [29, 22.75], "uv_size": [0.125, -2.75]}
							}
						},
						{
							"origin": [-1, 10.3125, 3.5625],
							"size": [0, 0.375, 1.4375],
							"uv": {
								"north": {"uv": [0, 0], "uv_size": [0, 1.5]},
								"east": {"uv": [0, 4], "uv_size": [10, 1.5]},
								"south": {"uv": [0, 0], "uv_size": [0, 1.5]},
								"west": {"uv": [0, 4], "uv_size": [10, 1.5]},
								"up": {"uv": [0, 0], "uv_size": [0, 10]},
								"down": {"uv": [0, 10], "uv_size": [0, -10]}
							}
						}
					]
				},
				{
					"name": "barrel",
					"parent": "gun_body",
					"pivot": [0.49063, 0, 0.6],
					"cubes": [
						{
							"origin": [-0.35937, 11.10491, -5.48821],
							"size": [0.125, 0.31066, 3.875],
							"inflate": 0.001,
							"uv": {
								"north": {"uv": [5, 33], "uv_size": [0.125, 0.3125]},
								"east": {"uv": [23, 18], "uv_size": [3.875, 0.3125]},
								"west": {"uv": [23, 19], "uv_size": [3.875, 0.3125]}
							}
						},
						{
							"origin": [-0.35937, 11.10491, -5.48821],
							"size": [0.125, 0.31066, 3.875],
							"pivot": [0.01563, 11.26024, -5.91321],
							"rotation": [0, 0, 45],
							"uv": {
								"north": {"uv": [33, 5], "uv_size": [0.125, 0.3125]},
								"east": {"uv": [22, 23], "uv_size": [3.875, 0.3125]},
								"west": {"uv": [24, 1], "uv_size": [3.875, 0.3125]}
							}
						},
						{
							"origin": [-0.1397, 11.51024, -5.48821],
							"size": [0.31066, 0.125, 3.875],
							"pivot": [0.01563, 11.26024, -5.91321],
							"rotation": [0, 0, 45],
							"uv": {
								"north": {"uv": [33, 6], "uv_size": [0.3125, 0.125]},
								"up": {"uv": [19, 23], "uv_size": [0.3125, 3.875]},
								"down": {"uv": [2, 27.875], "uv_size": [0.3125, -3.875]}
							}
						},
						{
							"origin": [0.26563, 11.10491, -5.48821],
							"size": [0.125, 0.31066, 3.875],
							"inflate": 0.001,
							"uv": {
								"north": {"uv": [33, 7], "uv_size": [0.125, 0.3125]},
								"east": {"uv": [24, 2], "uv_size": [3.875, 0.3125]},
								"west": {"uv": [24, 3], "uv_size": [3.875, 0.3125]}
							}
						},
						{
							"origin": [0.26563, 11.10491, -5.48821],
							"size": [0.125, 0.31066, 3.875],
							"pivot": [0.01563, 11.26024, -5.91321],
							"rotation": [0, 0, 45],
							"uv": {
								"north": {"uv": [8, 33], "uv_size": [0.125, 0.3125]},
								"east": {"uv": [24, 4], "uv_size": [3.875, 0.3125]},
								"west": {"uv": [24, 5], "uv_size": [3.875, 0.3125]}
							}
						},
						{
							"origin": [-0.1397, 10.88524, -5.48821],
							"size": [0.31066, 0.125, 3.875],
							"inflate": 0.001,
							"uv": {
								"north": {"uv": [33, 8], "uv_size": [0.3125, 0.125]},
								"up": {"uv": [3, 24], "uv_size": [0.3125, 3.875]},
								"down": {"uv": [4, 27.875], "uv_size": [0.3125, -3.875]}
							}
						},
						{
							"origin": [-0.1397, 10.88524, -5.48821],
							"size": [0.31066, 0.125, 3.875],
							"pivot": [0.01563, 11.26024, -5.91321],
							"rotation": [0, 0, 45],
							"uv": {
								"north": {"uv": [9, 33], "uv_size": [0.3125, 0.125]},
								"up": {"uv": [5, 24], "uv_size": [0.3125, 3.875]},
								"down": {"uv": [24, 11.875], "uv_size": [0.3125, -3.875]}
							}
						},
						{
							"origin": [-0.1397, 11.51024, -5.48821],
							"size": [0.31066, 0.125, 3.875],
							"inflate": 0.001,
							"uv": {
								"north": {"uv": [33, 9], "uv_size": [0.3125, 0.125]},
								"up": {"uv": [9, 24], "uv_size": [0.3125, 3.875]},
								"down": {"uv": [12, 27.875], "uv_size": [0.3125, -3.875]}
							}
						}
					]
				},
				{
					"name": "grip",
					"parent": "gun_body",
					"pivot": [0.49063, 0, 0.6],
					"cubes": [
						{
							"origin": [-0.75937, 5.625, 3.35],
							"size": [1.5, 4.625, 3],
							"inflate": 0.001,
							"pivot": [0.49063, 5.625, 4.35],
							"rotation": [17.5, 0, 0],
							"uv": {
								"north": {"uv": [15, 0], "uv_size": [1.5, 4.625]},
								"east": {"uv": [6, 6], "uv_size": [3, 4.625]},
								"south": {"uv": [15, 11], "uv_size": [1.5, 4.625]},
								"west": {"uv": [9, 6], "uv_size": [3, 4.625]},
								"up": {"uv": [2, 17], "uv_size": [1.5, 3]},
								"down": {"uv": [17, 16], "uv_size": [1.5, -3]}
							}
						},
						{
							"origin": [-0.42187, 8.8125, 0.9375],
							"size": [0.25, 0.8125, 0.4375],
							"pivot": [0.32813, 8.125, 0.3125],
							"rotation": [-28.53681, -2.28326, -0.66229],
							"uv": {
								"north": {"uv": [31, 9], "uv_size": [0.25, 0.8125]},
								"east": {"uv": [22, 26], "uv_size": [0.4375, 0.8125]},
								"south": {"uv": [31, 10], "uv_size": [0.25, 0.8125]},
								"west": {"uv": [27, 28], "uv_size": [0.4375, 0.8125]},
								"up": {"uv": [17, 32], "uv_size": [0.25, 0.4375]},
								"down": {"uv": [32, 17.4375], "uv_size": [0.25, -0.4375]}
							}
						},
						{
							"origin": [-0.57812, 9.25, 1.5],
							"size": [1.1875, 0.5, 0.6875],
							"inflate": 0.001,
							"uv": {
								"north": {"uv": [15, 26], "uv_size": [1.1875, 0.5]},
								"east": {"uv": [29, 3], "uv_size": [0.6875, 0.5]},
								"south": {"uv": [17, 26], "uv_size": [1.1875, 0.5]},
								"west": {"uv": [29, 4], "uv_size": [0.6875, 0.5]},
								"up": {"uv": [7, 25], "uv_size": [1.1875, 0.6875]},
								"down": {"uv": [25, 8.6875], "uv_size": [1.1875, -0.6875]}
							}
						},
						{
							"origin": [-0.07812, 9.125, 0.625],
							"size": [0.1875, 1.375, 0.1875],
							"pivot": [0.17188, 8.5, -0.1875],
							"rotation": [-42.5, 0, 0],
							"uv": {
								"north": {"uv": [30, 25], "uv_size": [0.1875, 1.375]},
								"east": {"uv": [26, 30], "uv_size": [0.1875, 1.375]},
								"south": {"uv": [27, 30], "uv_size": [0.1875, 1.375]},
								"west": {"uv": [30, 27], "uv_size": [0.1875, 1.375]},
								"up": {"uv": [33, 14], "uv_size": [0.1875, 0.1875]},
								"down": {"uv": [15, 33.1875], "uv_size": [0.1875, -0.1875]}
							}
						},
						{
							"origin": [-0.79687, 7.11115, 1.73481],
							"size": [1.625, 0.3125, 1.25],
							"pivot": [0.01563, 7.11115, 1.98481],
							"rotation": [17.5, 0, 0],
							"uv": {
								"north": {"uv": [27, 20], "uv_size": [1.625, 0.3125]},
								"east": {"uv": [28, 24], "uv_size": [1.25, 0.3125]},
								"south": {"uv": [27, 21], "uv_size": [1.625, 0.3125]},
								"west": {"uv": [25, 28], "uv_size": [1.25, 0.3125]},
								"up": {"uv": [21, 8], "uv_size": [1.625, 1.25]},
								"down": {"uv": [21, 14.25], "uv_size": [1.625, -1.25]}
							}
						},
						{
							"origin": [-0.79687, 7.75524, -0.07389],
							"size": [1.625, 1.625, 0.25],
							"pivot": [0.01563, 7.75524, 0.92611],
							"rotation": [41, 0, 0],
							"uv": {
								"north": {"uv": [19, 3], "uv_size": [1.625, 1.625]},
								"east": {"uv": [16, 28], "uv_size": [0.25, 1.625]},
								"south": {"uv": [14, 19], "uv_size": [1.625, 1.625]},
								"west": {"uv": [28, 16], "uv_size": [0.25, 1.625]},
								"up": {"uv": [17, 28], "uv_size": [1.625, 0.25]},
								"down": {"uv": [19, 28.25], "uv_size": [1.625, -0.25]}
							}
						},
						{
							"origin": [-0.79687, 7, 0.375],
							"size": [1.625, 0.3125, 1.375],
							"uv": {
								"north": {"uv": [22, 27], "uv_size": [1.625, 0.3125]},
								"east": {"uv": [28, 5], "uv_size": [1.375, 0.3125]},
								"south": {"uv": [27, 22], "uv_size": [1.625, 0.3125]},
								"west": {"uv": [14, 28], "uv_size": [1.375, 0.3125]},
								"up": {"uv": [20, 20], "uv_size": [1.625, 1.375]},
								"down": {"uv": [0, 22.375], "uv_size": [1.625, -1.375]}
							}
						},
						{
							"origin": [-0.79687, 7.0625, 0.125],
							"size": [1.625, 0.3125, 0.25],
							"uv": {
								"north": {"uv": [24, 27], "uv_size": [1.625, 0.3125]},
								"east": {"uv": [27, 32], "uv_size": [0.25, 0.3125]},
								"south": {"uv": [26, 27], "uv_size": [1.625, 0.3125]},
								"west": {"uv": [32, 27], "uv_size": [0.25, 0.3125]},
								"up": {"uv": [21, 28], "uv_size": [1.625, 0.25]},
								"down": {"uv": [23, 28.25], "uv_size": [1.625, -0.25]}
							}
						},
						{
							"origin": [-0.54687, 8.875, 1.5],
							"size": [0.375, 0.4375, 0.4375],
							"uv": {
								"north": {"uv": [2, 32], "uv_size": [0.375, 0.4375]},
								"east": {"uv": [31, 28], "uv_size": [0.4375, 0.4375]},
								"south": {"uv": [3, 32], "uv_size": [0.375, 0.4375]},
								"west": {"uv": [29, 31], "uv_size": [0.4375, 0.4375]},
								"up": {"uv": [32, 3], "uv_size": [0.375, 0.4375]},
								"down": {"uv": [4, 32.4375], "uv_size": [0.375, -0.4375]}
							}
						},
						{
							"origin": [0.20313, 8.875, 1.5],
							"size": [0.375, 0.4375, 0.4375],
							"uv": {
								"north": {"uv": [32, 4], "uv_size": [0.375, 0.4375]},
								"east": {"uv": [31, 29], "uv_size": [0.4375, 0.4375]},
								"south": {"uv": [5, 32], "uv_size": [0.375, 0.4375]},
								"west": {"uv": [30, 31], "uv_size": [0.4375, 0.4375]},
								"up": {"uv": [32, 5], "uv_size": [0.375, 0.4375]},
								"down": {"uv": [32, 6.4375], "uv_size": [0.375, -0.4375]}
							}
						},
						{
							"origin": [0.20313, 8.8125, 0.9375],
							"size": [0.25, 0.8125, 0.4375],
							"pivot": [-0.29687, 8.125, 0.3125],
							"rotation": [-28.53681, 2.28326, 0.66229],
							"uv": {
								"north": {"uv": [12, 31], "uv_size": [0.25, 0.8125]},
								"east": {"uv": [28, 28], "uv_size": [0.4375, 0.8125]},
								"south": {"uv": [31, 12], "uv_size": [0.25, 0.8125]},
								"west": {"uv": [0, 29], "uv_size": [0.4375, 0.8125]},
								"up": {"uv": [18, 32], "uv_size": [0.25, 0.4375]},
								"down": {"uv": [32, 18.4375], "uv_size": [0.25, -0.4375]}
							}
						},
						{
							"origin": [-0.79687, 7, 2.9375],
							"size": [1.5625, 1.25, 1.25],
							"pivot": [-0.42187, 6.5, 3.1875],
							"rotation": [-72.5, 0, 0],
							"uv": {
								"north": {"uv": [14, 21], "uv_size": [1.5625, 1.25]},
								"east": {"uv": [22, 10], "uv_size": [1.25, 1.25]},
								"south": {"uv": [21, 15], "uv_size": [1.5625, 1.25]},
								"west": {"uv": [12, 22], "uv_size": [1.25, 1.25]},
								"up": {"uv": [16, 21], "uv_size": [1.5625, 1.25]},
								"down": {"uv": [21, 18.25], "uv_size": [1.5625, -1.25]}
							}
						},
						{
							"origin": [-0.79687, 8.44274, -0.94889],
							"size": [1.625, 1.5, 0.25],
							"inflate": -0.001,
							"pivot": [0.01563, 8.94274, 0.05111],
							"rotation": [5.5, 0, 0],
							"uv": {
								"north": {"uv": [19, 3], "uv_size": [1.625, 1.625]},
								"east": {"uv": [16, 28], "uv_size": [0.25, 1.625]},
								"south": {"uv": [14, 19], "uv_size": [1.625, 1.625]},
								"west": {"uv": [28, 16], "uv_size": [0.25, 1.625]},
								"up": {"uv": [18.625, 28.25], "uv_size": [-1.625, -0.25]},
								"down": {"uv": [20.625, 28.25], "uv_size": [-1.625, -0.25]}
							}
						},
						{
							"origin": [-0.79687, 7.375, 2.8125],
							"size": [1.5625, 0.3125, 2.3125],
							"inflate": 0.001,
							"uv": {
								"north": {"uv": [22, 27], "uv_size": [1.625, 0.3125]},
								"east": {"uv": [28, 5], "uv_size": [1.375, 0.3125]},
								"south": {"uv": [27, 22], "uv_size": [1.625, 0.3125]},
								"west": {"uv": [14, 28], "uv_size": [1.375, 0.3125]},
								"up": {"uv": [21.625, 21.375], "uv_size": [-1.625, -1.375]},
								"down": {"uv": [1.625, 22.375], "uv_size": [-1.625, -1.375]}
							}
						},
						{
							"origin": [-0.79687, 8.13024, 5.73861],
							"size": [1.5625, 1, 0.25],
							"pivot": [0.01563, 7.56774, 6.73861],
							"rotation": [61.5, 0, 0],
							"uv": {
								"north": {"uv": [19, 3], "uv_size": [1.625, 1.625]},
								"east": {"uv": [16, 28], "uv_size": [0.25, 1.625]},
								"south": {"uv": [14, 19], "uv_size": [1.625, 1.625]},
								"west": {"uv": [28, 16], "uv_size": [0.25, 1.625]},
								"up": {"uv": [18.625, 28.25], "uv_size": [-1.625, -0.25]},
								"down": {"uv": [20.625, 28.25], "uv_size": [-1.625, -0.25]}
							}
						},
						{
							"origin": [-0.79687, 6.63024, 5.92611],
							"size": [1.5625, 1, 0.1875],
							"inflate": -0.001,
							"pivot": [0.01563, 6.63024, 6.92611],
							"rotation": [24.5, 0, 0],
							"uv": {
								"north": {"uv": [19, 3], "uv_size": [1.625, 1.625]},
								"east": {"uv": [16, 28], "uv_size": [0.25, 1.625]},
								"south": {"uv": [14, 19], "uv_size": [1.625, 1.625]},
								"west": {"uv": [28, 16], "uv_size": [0.25, 1.625]},
								"up": {"uv": [18.625, 28.25], "uv_size": [-1.625, -0.25]},
								"down": {"uv": [20.625, 28.25], "uv_size": [-1.625, -0.25]}
							}
						}
					]
				},
				{
					"name": "text_show",
					"parent": "gun_body",
					"pivot": [0.875, 10, 4.0625]
				},
				{
					"name": "stock_default",
					"parent": "com15",
					"pivot": [0.49063, 0, 0.6],
					"cubes": [
						{
							"origin": [-0.78437, 9.75, 0.6],
							"size": [1.6125, 0.9375, 7],
							"inflate": 0.003,
							"uv": {
								"east": {"uv": [15, 5], "uv_size": [7, 0.9375]},
								"south": {"uv": [22, 12], "uv_size": [1.625, 0.9375]},
								"west": {"uv": [16, 6], "uv_size": [7, 0.9375]},
								"down": {"uv": [0, 18], "uv_size": [1.625, -7]}
							}
						}
					]
				},
				{
					"name": "bolt",
					"parent": "com15",
					"pivot": [0.49063, 0, 0.6],
					"cubes": [
						{
							"origin": [-0.38437, 9.75, -0.4625],
							"size": [1.15, 2.175, 2.1875],
							"inflate": 0.002,
							"uv": {
								"east": {"uv": [17, 0], "uv_size": [2.0625, 2.1875]},
								"west": {"uv": [17, 10], "uv_size": [2.0625, 2.1875]},
								"up": {"uv": [20, 10], "uv_size": [1.15625, 2.0625]},
								"down": {"uv": [18, 22.0625], "uv_size": [1.15625, -2.0625]}
							}
						},
						{
							"origin": [0.82813, 9.7375, -0.401],
							"size": [0, 2.1875, 1.1875],
							"uv": {
								"north": {"uv": [19, 13], "uv_size": [1.21875, 2.1875]},
								"east": {"uv": [19, 16], "uv_size": [1.1875, 2.1875]},
								"south": {"uv": [19, 13], "uv_size": [1.21875, 2.1875]},
								"west": {"uv": [19, 16], "uv_size": [1.1875, 2.1875]},
								"up": {"uv": [20, 22], "uv_size": [1.21875, 1.1875]},
								"down": {"uv": [21.21875, 23.1875], "uv_size": [-1.21875, -1.1875]}
							}
						},
						{
							"origin": [-0.69687, 9.7375, 0.7865],
							"size": [1.525, 0.5, 1.625],
							"uv": {
								"north": {"uv": [19, 13], "uv_size": [1.21875, 2.1875]},
								"east": {"uv": [19, 16], "uv_size": [1.1875, 2.1875]},
								"south": {"uv": [19, 13], "uv_size": [1.21875, 2.1875]},
								"west": {"uv": [19, 16], "uv_size": [1.1875, 2.1875]},
								"up": {"uv": [20, 23.1875], "uv_size": [1.21875, -1.1875]},
								"down": {"uv": [21.21875, 23.1875], "uv_size": [-1.21875, -1.1875]}
							}
						}
					]
				},
				{
					"name": "mount",
					"parent": "com15",
					"pivot": [0.49063, 0, 0.6]
				},
				{
					"name": "shoot_team",
					"parent": "com15",
					"pivot": [0.01563, 0, 0]
				},
				{
					"name": "shell",
					"parent": "shoot_team",
					"pivot": [-0.54687, 11.0625, 1.25],
					"locators": {
						"locator2": [0.01563, 10.75, 0.6875]
					}
				},
				{
					"name": "charge",
					"parent": "com15",
					"pivot": [0.49063, 0, 0.6],
					"cubes": [
						{
							"origin": [0.65313, 10.25, -5.401],
							"size": [0.1556, 1.65808, 13.401],
							"inflate": 0.004,
							"uv": {
								"north": {"uv": [30, 23], "uv_size": [0.15625, 1.65625]},
								"east": {"uv": [0, 0], "uv_size": [13.40625, 1.65625]},
								"south": {"uv": [25, 30], "uv_size": [0.15625, 1.65625]},
								"west": {"uv": [0, 2], "uv_size": [13.40625, 1.65625]},
								"up": {"uv": [10, 21], "uv_size": [0.15625, 13.40625]},
								"down": {"uv": [11, 34.40625], "uv_size": [0.15625, -13.40625]}
							}
						},
						{
							"origin": [-0.72187, 11, 1.6625],
							"size": [1.425, 1, 6],
							"uv": {
								"north": {"uv": [22, 20], "uv_size": [1.4375, 1]},
								"south": {"uv": [22, 21], "uv_size": [1.4375, 1]},
								"west": {"uv": [16, 7], "uv_size": [6, 1]},
								"up": {"uv": [2, 11], "uv_size": [1.4375, 6]}
							}
						},
						{
							"origin": [-0.80466, 10.3125, -5.399],
							"size": [0.05, 1.59827, 4.999],
							"inflate": 0.001,
							"uv": {
								"north": {"uv": [21, 32], "uv_size": [0.0625, 1.59375]},
								"east": {"uv": [10, 4], "uv_size": [5, 1.59375]},
								"south": {"uv": [22, 32], "uv_size": [0.0625, 1.59375]},
								"west": {"uv": [4, 11], "uv_size": [5, 1.59375]},
								"down": {"uv": [28, 34], "uv_size": [0.0625, -5]}
							}
						},
						{
							"origin": [-0.70907, 11.8125, 5.3],
							"size": [1.41814, 0.19456, 2.705],
							"uv": {
								"north": {"uv": [30, 11], "uv_size": [1.40625, 0.1875]},
								"east": {"uv": [19, 27], "uv_size": [2.71875, 0.1875]},
								"south": {"uv": [22, 30], "uv_size": [1.40625, 0.1875]},
								"west": {"uv": [27, 19], "uv_size": [2.71875, 0.1875]},
								"up": {"uv": [4, 18], "uv_size": [1.40625, 2.71875]},
								"down": {"uv": [6, 20.71875], "uv_size": [1.40625, -2.71875]}
							}
						},
						{
							"origin": [0.46738, 11.2, 5.3625],
							"size": [0.22324, 0.98714, 2.175],
							"inflate": 0.001,
							"uv": {
								"north": {"uv": [31, 5], "uv_size": [0.21875, 1]},
								"east": {"uv": [21, 3], "uv_size": [2.1875, 1]},
								"south": {"uv": [31, 6], "uv_size": [0.21875, 1]},
								"west": {"uv": [4, 21], "uv_size": [2.1875, 1]},
								"up": {"uv": [8, 28], "uv_size": [0.21875, 2.1875]}
							}
						},
						{
							"origin": [-0.70938, 11.2, 5.3625],
							"size": [0.22332, 0.98705, 2.175],
							"inflate": 0.001,
							"uv": {
								"north": {"uv": [31, 7], "uv_size": [0.21875, 1]},
								"east": {"uv": [21, 4], "uv_size": [2.1875, 1]},
								"south": {"uv": [8, 31], "uv_size": [0.21875, 1]},
								"west": {"uv": [7, 21], "uv_size": [2.1875, 1]},
								"up": {"uv": [9, 28], "uv_size": [0.21875, 2.1875]}
							}
						},
						{
							"origin": [-0.70938, 11.8375, -5.4],
							"size": [1.4375, 0.1625, 5],
							"uv": {
								"north": {"uv": [31, 1], "uv_size": [1.4375, 0.15625]},
								"east": {"uv": [25, 10], "uv_size": [5, 0.15625]},
								"south": {"uv": [31, 2], "uv_size": [1.4375, 0.15625]},
								"west": {"uv": [25, 11], "uv_size": [5, 0.15625]},
								"up": {"uv": [4, 13], "uv_size": [1.4375, 5]},
								"down": {"uv": [6, 18], "uv_size": [1.4375, -5]}
							}
						},
						{
							"origin": [-0.73437, 10.1875, -5.375],
							"size": [1.5, 1.6875, 4.9375],
							"inflate": 0.001,
							"uv": {
								"north": {"uv": [22, 1], "uv_size": [1.5625, 1.125]},
								"east": {"uv": [8, 16], "uv_size": [4.9375, 1.125]},
								"south": {"uv": [2, 22], "uv_size": [1.5625, 1.125]},
								"west": {"uv": [16, 8], "uv_size": [4.9375, 1.125]},
								"up": {"uv": [9, 11], "uv_size": [1.5625, 4.9375]},
								"down": {"uv": [11, 15.9375], "uv_size": [1.5625, -4.9375]}
							}
						},
						{
							"origin": [0.82813, 10.5625, -3],
							"size": [0, 1.5625, 0.3125],
							"inflate": 0.01,
							"pivot": [1.82813, 10.3125, -2],
							"rotation": [17.5, 0, 0],
							"uv": {
								"north": {"uv": [0, 0], "uv_size": [0, 1.5625]},
								"east": {"uv": [0, 27], "uv_size": [0.3125, 1.5625]},
								"south": {"uv": [0, 0], "uv_size": [0, 1.5625]},
								"west": {"uv": [1, 28], "uv_size": [0.3125, 1.5625]},
								"up": {"uv": [0, 0], "uv_size": [0, 0.375]},
								"down": {"uv": [0, 0.375], "uv_size": [0, -0.375]}
							}
						},
						{
							"origin": [0.82813, 10.5625, -2.4375],
							"size": [0, 1.5625, 0.3125],
							"inflate": 0.01,
							"pivot": [1.82813, 10.3125, -1.4375],
							"rotation": [17.5, 0, 0],
							"uv": {
								"north": {"uv": [0, 0], "uv_size": [0, 1.5625]},
								"east": {"uv": [28, 1], "uv_size": [0.3125, 1.5625]},
								"south": {"uv": [0, 0], "uv_size": [0, 1.5625]},
								"west": {"uv": [2, 28], "uv_size": [0.3125, 1.5625]},
								"up": {"uv": [0, 0], "uv_size": [0, 0.375]},
								"down": {"uv": [0, 0.375], "uv_size": [0, -0.375]}
							}
						},
						{
							"origin": [0.82813, 10.5625, -1.3125],
							"size": [0, 1.5625, 0.3125],
							"inflate": 0.01,
							"pivot": [1.82813, 10.3125, -0.3125],
							"rotation": [17.5, 0, 0],
							"uv": {
								"north": {"uv": [0, 0], "uv_size": [0, 1.5625]},
								"east": {"uv": [3, 28], "uv_size": [0.3125, 1.5625]},
								"south": {"uv": [0, 0], "uv_size": [0, 1.5625]},
								"west": {"uv": [28, 3], "uv_size": [0.3125, 1.5625]},
								"up": {"uv": [0, 0], "uv_size": [0, 0.375]},
								"down": {"uv": [0, 0.375], "uv_size": [0, -0.375]}
							}
						},
						{
							"origin": [0.82813, 10.5625, -1.875],
							"size": [0, 1.5625, 0.3125],
							"inflate": 0.01,
							"pivot": [1.82813, 10.3125, -0.875],
							"rotation": [17.5, 0, 0],
							"uv": {
								"north": {"uv": [0, 0], "uv_size": [0, 1.5625]},
								"east": {"uv": [4, 28], "uv_size": [0.3125, 1.5625]},
								"south": {"uv": [0, 0], "uv_size": [0, 1.5625]},
								"west": {"uv": [5, 28], "uv_size": [0.3125, 1.5625]},
								"up": {"uv": [0, 0], "uv_size": [0, 0.375]},
								"down": {"uv": [0, 0.375], "uv_size": [0, -0.375]}
							}
						},
						{
							"origin": [-0.79687, 10.5625, -1.1875],
							"size": [0, 1.4375, 0.1875],
							"inflate": 0.01,
							"pivot": [-1.73437, 10.3125, -0.3125],
							"rotation": [17.5, 0, 0],
							"uv": {
								"north": {"uv": [0, 0], "uv_size": [0, 1.5625]},
								"east": {"uv": [5, 30], "uv_size": [0.1875, 1.4375]},
								"south": {"uv": [0, 0], "uv_size": [0, 1.5625]},
								"west": {"uv": [30, 5], "uv_size": [0.1875, 1.4375]},
								"up": {"uv": [0, 0], "uv_size": [0, 0.375]},
								"down": {"uv": [0, 0.375], "uv_size": [0, -0.375]}
							}
						},
						{
							"origin": [-0.79687, 10.5625, -1.75],
							"size": [0, 1.4375, 0.1875],
							"inflate": 0.01,
							"pivot": [-1.73437, 10.3125, -0.875],
							"rotation": [17.5, 0, 0],
							"uv": {
								"north": {"uv": [0, 0], "uv_size": [0, 1.5625]},
								"east": {"uv": [30, 7], "uv_size": [0.1875, 1.4375]},
								"south": {"uv": [0, 0], "uv_size": [0, 1.5625]},
								"west": {"uv": [30, 9], "uv_size": [0.1875, 1.4375]},
								"up": {"uv": [0, 0], "uv_size": [0, 0.375]},
								"down": {"uv": [0, 0.375], "uv_size": [0, -0.375]}
							}
						},
						{
							"origin": [-0.79687, 10.5625, -2.3125],
							"size": [0, 1.4375, 0.1875],
							"inflate": 0.01,
							"pivot": [-1.73437, 10.3125, -1.4375],
							"rotation": [17.5, 0, 0],
							"uv": {
								"north": {"uv": [0, 0], "uv_size": [0, 1.5625]},
								"east": {"uv": [30, 14], "uv_size": [0.1875, 1.4375]},
								"south": {"uv": [0, 0], "uv_size": [0, 1.5625]},
								"west": {"uv": [16, 30], "uv_size": [0.1875, 1.4375]},
								"up": {"uv": [0, 0], "uv_size": [0, 0.375]},
								"down": {"uv": [0, 0.375], "uv_size": [0, -0.375]}
							}
						},
						{
							"origin": [-0.79687, 10.5625, -2.875],
							"size": [0, 1.4375, 0.1875],
							"inflate": 0.01,
							"pivot": [-1.73437, 10.3125, -2],
							"rotation": [17.5, 0, 0],
							"uv": {
								"north": {"uv": [0, 0], "uv_size": [0, 1.5625]},
								"east": {"uv": [17, 30], "uv_size": [0.1875, 1.4375]},
								"south": {"uv": [0, 0], "uv_size": [0, 1.5625]},
								"west": {"uv": [18, 30], "uv_size": [0.1875, 1.4375]},
								"up": {"uv": [0, 0], "uv_size": [0, 0.375]},
								"down": {"uv": [0, 0.375], "uv_size": [0, -0.375]}
							}
						},
						{
							"origin": [-0.73437, 10.0625, 7.0625],
							"size": [1.5, 1.625, 0.8125],
							"pivot": [0.01563, 10.6875, 6.625],
							"rotation": [14, 0, 0],
							"uv": {
								"north": {"uv": [20, 1], "uv_size": [1.5, 1.625]},
								"east": {"uv": [23, 8], "uv_size": [0.8125, 1.625]},
								"south": {"uv": [2, 20], "uv_size": [1.5, 1.625]},
								"west": {"uv": [23, 13], "uv_size": [0.8125, 1.625]},
								"up": {"uv": [17, 23], "uv_size": [1.5, 0.8125]},
								"down": {"uv": [23, 17.8125], "uv_size": [1.5, -0.8125]}
							}
						},
						{
							"origin": [-0.70807, 10, 1.596],
							"size": [0.3487, 2.00606, 0.029],
							"inflate": 0.001,
							"uv": {
								"north": {"uv": [23, 25], "uv_size": [0.34375, 2]},
								"east": {"uv": [32, 29], "uv_size": [0.03125, 2]},
								"south": {"uv": [25, 24], "uv_size": [0.34375, 2]},
								"west": {"uv": [32, 29], "uv_size": [0.03125, 2]},
								"up": {"uv": [34, 10], "uv_size": [0.34375, 0.03125]},
								"down": {"uv": [34, 10.03125], "uv_size": [0.34375, -0.03125]}
							}
						},
						{
							"origin": [-0.79687, 11.1875, 1.6875],
							"size": [0, 0.1875, 3.3],
							"inflate": 0.02,
							"uv": {
								"north": {"uv": [0, 0], "uv_size": [0, 0.375]},
								"east": {"uv": [26, 6], "uv_size": [3.3125, 0.1875]},
								"south": {"uv": [0, 0], "uv_size": [0, 0.375]},
								"west": {"uv": [26, 7], "uv_size": [3.3125, 0.1875]},
								"up": {"uv": [0, 0], "uv_size": [0, 3.3125]},
								"down": {"uv": [0, 3.3125], "uv_size": [0, -3.3125]}
							}
						},
						{
							"origin": [-0.67187, 12.3125, 4.9375],
							"size": [0.25, 1.0625, 0.9375],
							"pivot": [-1.04687, 11.25, 5.5],
							"rotation": [-67.63836, -0.61281, 8.87769],
							"uv": {
								"north": {"uv": [19, 30], "uv_size": [0.25, 1.0625]},
								"east": {"uv": [16, 24], "uv_size": [0.9375, 1.0625]},
								"south": {"uv": [30, 19], "uv_size": [0.25, 1.0625]},
								"west": {"uv": [17, 24], "uv_size": [0.9375, 1.0625]},
								"up": {"uv": [29, 30], "uv_size": [0.25, 0.9375]},
								"down": {"uv": [30, 29.9375], "uv_size": [0.25, -0.9375]}
							}
						},
						{
							"origin": [0.45313, 12.3125, 4.9375],
							"size": [0.25, 1.0625, 0.9375],
							"pivot": [1.07813, 11.25, 5.5],
							"rotation": [-67.63836, 0.61281, -8.87769],
							"uv": {
								"north": {"uv": [21, 30], "uv_size": [0.25, 1.0625]},
								"east": {"uv": [18, 24], "uv_size": [0.9375, 1.0625]},
								"south": {"uv": [30, 21], "uv_size": [0.25, 1.0625]},
								"west": {"uv": [20, 24], "uv_size": [0.9375, 1.0625]},
								"up": {"uv": [30, 30], "uv_size": [0.25, 0.9375]},
								"down": {"uv": [0, 31.9375], "uv_size": [0.25, -0.9375]}
							}
						},
						{
							"origin": [-0.81073, 11.125, 1.625],
							"size": [0.12636, 0.78508, 6.378],
							"inflate": 0.002,
							"uv": {
								"north": {"uv": [30.15625, 23], "uv_size": [-0.15625, 1.65625]},
								"east": {"uv": [13.40625, 2], "uv_size": [-13.40625, 1.65625]},
								"south": {"uv": [25.15625, 30], "uv_size": [-0.15625, 1.65625]},
								"west": {"uv": [13.40625, 0], "uv_size": [-13.40625, 1.65625]},
								"up": {"uv": [10.15625, 21], "uv_size": [-0.15625, 13.40625]},
								"down": {"uv": [11.15625, 34.40625], "uv_size": [-0.15625, -13.40625]}
							}
						},
						{
							"origin": [-0.04687, 11.3125, 7.75],
							"size": [0.125, 0.125, 0.0625],
							"uv": {
								"north": {"uv": [33, 30], "uv_size": [0.125, 0.125]},
								"east": {"uv": [34, 19], "uv_size": [0.0625, 0.125]},
								"south": {"uv": [33, 30], "uv_size": [0.125, 0.125]},
								"west": {"uv": [34, 19], "uv_size": [0.0625, 0.125]},
								"up": {"uv": [20, 34], "uv_size": [0.125, 0.0625]},
								"down": {"uv": [20, 34.0625], "uv_size": [0.125, -0.0625]}
							}
						},
						{
							"origin": [-0.53252, 11.2, 5.3625],
							"size": [1.04638, 1.14911, 2.175],
							"inflate": 0.001,
							"uv": {
								"north": {"uv": [31, 7], "uv_size": [0.21875, 1]},
								"east": {"uv": [21, 4], "uv_size": [2.1875, 1]},
								"south": {"uv": [8, 31], "uv_size": [0.21875, 1]},
								"west": {"uv": [7, 21], "uv_size": [2.1875, 1]},
								"up": {"uv": [9, 28], "uv_size": [0.21875, 2.1875]}
							}
						},
						{
							"origin": [-0.80525, 10.0625, 6.13],
							"size": [1.625, 0.344, 0.125],
							"pivot": [0, 5.3125, 2.875],
							"rotation": [14, 0, 0],
							"uv": {
								"north": {"uv": [20, 26], "uv_size": [1.625, 0.34375]},
								"east": {"uv": [31, 32], "uv_size": [0.125, 0.34375]},
								"south": {"uv": [26, 23], "uv_size": [1.625, 0.34375]},
								"west": {"uv": [32, 31], "uv_size": [0.125, 0.34375]},
								"up": {"uv": [31, 14], "uv_size": [1.625, 0.125]},
								"down": {"uv": [31, 15.125], "uv_size": [1.625, -0.125]}
							}
						},
						{
							"origin": [-0.80525, 10.125, 5.88],
							"size": [1.625, 0.344, 0.125],
							"pivot": [0, 5.375, 2.875],
							"rotation": [14, 0, 0],
							"uv": {
								"north": {"uv": [24, 26], "uv_size": [1.625, 0.34375]},
								"east": {"uv": [32, 32], "uv_size": [0.125, 0.34375]},
								"south": {"uv": [26, 24], "uv_size": [1.625, 0.34375]},
								"west": {"uv": [0, 33], "uv_size": [0.125, 0.34375]},
								"up": {"uv": [31, 14], "uv_size": [1.625, 0.125]},
								"down": {"uv": [31, 19.125], "uv_size": [1.625, -0.125]}
							}
						},
						{
							"origin": [-0.80525, 10.1875, 5.63],
							"size": [1.625, 0.344, 0.125],
							"pivot": [0, 5.4375, 2.875],
							"rotation": [14, 0, 0],
							"uv": {
								"north": {"uv": [26, 25], "uv_size": [1.625, 0.34375]},
								"east": {"uv": [1, 33], "uv_size": [0.125, 0.34375]},
								"south": {"uv": [26, 26], "uv_size": [1.625, 0.34375]},
								"west": {"uv": [33, 1], "uv_size": [0.125, 0.34375]},
								"up": {"uv": [31, 14], "uv_size": [1.625, 0.125]},
								"down": {"uv": [31, 20.125], "uv_size": [1.625, -0.125]}
							}
						},
						{
							"origin": [-0.80525, 10.25, 5.38],
							"size": [1.625, 0.344, 0.125],
							"pivot": [0, 5.5, 2.875],
							"rotation": [14, 0, 0],
							"uv": {
								"north": {"uv": [27, 8], "uv_size": [1.625, 0.34375]},
								"east": {"uv": [2, 33], "uv_size": [0.125, 0.34375]},
								"south": {"uv": [27, 9], "uv_size": [1.625, 0.34375]},
								"west": {"uv": [33, 2], "uv_size": [0.125, 0.34375]},
								"up": {"uv": [31, 14], "uv_size": [1.625, 0.125]},
								"down": {"uv": [31, 21.125], "uv_size": [1.625, -0.125]}
							}
						},
						{
							"origin": [-0.80525, 10.3125, 5.13],
							"size": [1.625, 0.344, 0.125],
							"pivot": [0, 5.5625, 2.875],
							"rotation": [14, 0, 0],
							"uv": {
								"north": {"uv": [27, 13], "uv_size": [1.625, 0.34375]},
								"east": {"uv": [3, 33], "uv_size": [0.125, 0.34375]},
								"south": {"uv": [15, 27], "uv_size": [1.625, 0.34375]},
								"west": {"uv": [33, 3], "uv_size": [0.125, 0.34375]},
								"up": {"uv": [31, 14], "uv_size": [1.625, 0.125]},
								"down": {"uv": [22, 31.125], "uv_size": [1.625, -0.125]}
							}
						},
						{
							"origin": [-0.80525, 10.375, 4.88],
							"size": [1.625, 0.344, 0.125],
							"pivot": [0, 5.625, 2.875],
							"rotation": [14, 0, 0],
							"uv": {
								"north": {"uv": [17, 27], "uv_size": [1.625, 0.34375]},
								"east": {"uv": [4, 33], "uv_size": [0.125, 0.34375]},
								"south": {"uv": [27, 18], "uv_size": [1.625, 0.34375]},
								"west": {"uv": [33, 4], "uv_size": [0.125, 0.34375]},
								"up": {"uv": [31, 14], "uv_size": [1.625, 0.125]},
								"down": {"uv": [31, 22.125], "uv_size": [1.625, -0.125]}
							}
						},
						{
							"origin": [-0.8125, 10.25, 5.0625],
							"size": [0.125, 0.875, 2.9375],
							"uv": {
								"north": {"uv": [19, 32], "uv_size": [0.125, 0.875]},
								"east": {"uv": [18, 19], "uv_size": [2.9375, 0.875]},
								"south": {"uv": [19, 32], "uv_size": [0.125, 0.875]},
								"west": {"uv": [18, 19], "uv_size": [2.9375, 0.875]},
								"up": {"uv": [28, 25], "uv_size": [0.125, 2.9375]},
								"down": {"uv": [28, 27.9375], "uv_size": [0.125, -2.9375]}
							}
						},
						{
							"origin": [-0.8125, 10.25, 1.625],
							"size": [0.8125, 1.0625, 1.875],
							"uv": {
								"north": {"uv": [0, 25], "uv_size": [0.8125, 1.0625]},
								"east": {"uv": [0, 25], "uv_size": [0.8125, 1.0625]},
								"south": {"uv": [0, 25], "uv_size": [0.8125, 1.0625]},
								"west": {"uv": [0, 25], "uv_size": [0.8125, 1.0625]},
								"up": {"uv": [0, 25], "uv_size": [0.8125, 1.0625]},
								"down": {"uv": [0, 26.0625], "uv_size": [0.8125, -1.0625]}
							}
						},
						{
							"origin": [-0.75, 10.125, 3.4375],
							"size": [0, 1, 1.6875],
							"uv": {
								"north": {"uv": [0, 0], "uv_size": [0, 1]},
								"east": {"uv": [21, 19], "uv_size": [1.6875, 1]},
								"south": {"uv": [0, 0], "uv_size": [0, 1]},
								"west": {"uv": [21, 19], "uv_size": [1.6875, 1]},
								"up": {"uv": [0, 1.5625], "uv_size": [0, -1.5625]},
								"down": {"uv": [0, 1.5625], "uv_size": [0, -1.5625]}
							}
						},
						{
							"origin": [-0.75, 9.6875, 3.4375],
							"size": [0, 1, 1.6875],
							"uv": {
								"north": {"uv": [0, 0], "uv_size": [0, 1]},
								"east": {"uv": [21, 19], "uv_size": [1.6875, 1]},
								"south": {"uv": [0, 0], "uv_size": [0, 1]},
								"west": {"uv": [21, 19], "uv_size": [1.6875, 1]},
								"up": {"uv": [0, 1.5625], "uv_size": [0, -1.5625]},
								"down": {"uv": [0, 1.5625], "uv_size": [0, -1.5625]}
							}
						},
						{
							"origin": [-0.8125, 10.25, 3.5],
							"size": [0, 0.4375, 1.5625],
							"uv": {
								"north": {"uv": [0, 0], "uv_size": [0, 0.4375]},
								"east": {"uv": [25, 22], "uv_size": [1.5625, 0.4375]},
								"south": {"uv": [0, 0], "uv_size": [0, 0.4375]},
								"west": {"uv": [25, 22], "uv_size": [1.5625, 0.4375]},
								"up": {"uv": [0, 1.5625], "uv_size": [0, -1.5625]},
								"down": {"uv": [0, 1.5625], "uv_size": [0, -1.5625]}
							}
						},
						{
							"origin": [-0.93275, 12.4375, -5.4],
							"size": [0.13059, 0.19892, 5.025],
							"inflate": 0.005,
							"pivot": [0.0625, 12.4375, -0.875],
							"rotation": [0, 0, -42.5],
							"uv": {
								"north": {"uv": [25, 33], "uv_size": [0.125, 0.1875]},
								"east": {"uv": [24, 14], "uv_size": [5.03125, 0.1875]},
								"south": {"uv": [25, 33], "uv_size": [0.125, 0.1875]},
								"west": {"uv": [24, 14], "uv_size": [5.03125, 0.1875]},
								"up": {"uv": [7, 26], "uv_size": [0.125, 5.03125]},
								"down": {"uv": [7.125, 31.03125], "uv_size": [-0.125, -5.03125]}
							}
						},
						{
							"origin": [-0.89136, 12.8125, 5.3655],
							"size": [0.23088, 0.14221, 2.168],
							"inflate": 0.003,
							"pivot": [0.1875, 12.8125, 7.125],
							"rotation": [0, 0, -42.5],
							"uv": {
								"north": {"uv": [33, 15], "uv_size": [0.21875, 0.15625]},
								"east": {"uv": [29, 18], "uv_size": [2.15625, 0.15625]},
								"south": {"uv": [33, 15], "uv_size": [0.21875, 0.15625]},
								"west": {"uv": [29, 18], "uv_size": [2.15625, 0.15625]},
								"up": {"uv": [12, 28], "uv_size": [0.21875, 2.15625]},
								"down": {"uv": [12.21875, 30.15625], "uv_size": [-0.21875, -2.15625]}
							}
						},
						{
							"origin": [0.64672, 12.8125, 5.3655],
							"size": [0.23075, 0.1296, 2.168],
							"inflate": 0.003,
							"pivot": [-0.1875, 12.8125, 7.125],
							"rotation": [0, 0, 42.5],
							"uv": {
								"north": {"uv": [33.21875, 15], "uv_size": [-0.21875, 0.15625]},
								"east": {"uv": [31.15625, 18], "uv_size": [-2.15625, 0.15625]},
								"south": {"uv": [33.21875, 15], "uv_size": [-0.21875, 0.15625]},
								"west": {"uv": [31.15625, 18], "uv_size": [-2.15625, 0.15625]},
								"up": {"uv": [12, 30.15625], "uv_size": [0.21875, -2.15625]},
								"down": {"uv": [12, 30.15625], "uv_size": [0.21875, -2.15625]}
							}
						},
						{
							"origin": [-0.93175, 12.4375, 1.629],
							"size": [0.12959, 0.19792, 6.371],
							"inflate": 0.006,
							"pivot": [0.0625, 12.4375, 6.125],
							"rotation": [0, 0, -42.5],
							"uv": {
								"north": {"uv": [25, 33], "uv_size": [0.125, 0.1875]},
								"east": {"uv": [24, 12], "uv_size": [6.375, 0.1875]},
								"south": {"uv": [25, 33], "uv_size": [0.125, 0.1875]},
								"west": {"uv": [24, 12], "uv_size": [6.375, 0.1875]},
								"up": {"uv": [13, 25], "uv_size": [0.125, 6.375]},
								"down": {"uv": [13.125, 31.375], "uv_size": [-0.125, -6.375]}
							}
						},
						{
							"origin": [0.80216, 12.4375, -5.4],
							"size": [0.13059, 0.19892, 13.4],
							"inflate": 0.006,
							"pivot": [-0.0625, 12.4375, -0.875],
							"rotation": [0, 0, 42.5],
							"uv": {
								"north": {"uv": [33, 25], "uv_size": [0.125, 0.1875]},
								"east": {"uv": [20, 0], "uv_size": [13.40625, 0.1875]},
								"south": {"uv": [33, 25], "uv_size": [0.125, 0.1875]},
								"west": {"uv": [20, 0], "uv_size": [13.40625, 0.1875]},
								"up": {"uv": [6, 22], "uv_size": [0.125, 13.40625]},
								"down": {"uv": [6.125, 35.40625], "uv_size": [-0.125, -13.40625]}
							}
						},
						{
							"origin": [0.80216, 12.4375, -5.4],
							"size": [0.13059, 0.19892, 13.4],
							"inflate": 0.006,
							"pivot": [-0.0625, 12.4375, -0.875],
							"rotation": [0, 0, 42.5],
							"uv": {
								"north": {"uv": [33, 25], "uv_size": [0.125, 0.1875]},
								"east": {"uv": [20, 0], "uv_size": [13.40625, 0.1875]},
								"south": {"uv": [33, 25], "uv_size": [0.125, 0.1875]},
								"west": {"uv": [20, 0], "uv_size": [13.40625, 0.1875]},
								"up": {"uv": [6.125, 35.40625], "uv_size": [-0.125, -13.40625]},
								"down": {"uv": [6.125, 35.40625], "uv_size": [-0.125, -13.40625]}
							}
						}
					]
				},
				{
					"name": "sight_illuminated",
					"parent": "charge",
					"pivot": [0.01563, 0, 0],
					"cubes": [
						{
							"origin": [-0.30937, 12.4625, 7.2375],
							"size": [0.1125, 0.1125, 0.0125],
							"uv": {
								"north": {"uv": [31, 33], "uv_size": [0.125, 0.125]},
								"east": {"uv": [34, 20], "uv_size": [0.03125, 0.125]},
								"south": {"uv": [33, 31], "uv_size": [0.125, 0.125]},
								"west": {"uv": [21, 34], "uv_size": [0.03125, 0.125]},
								"up": {"uv": [34, 21], "uv_size": [0.125, 0.03125]}
							}
						},
						{
							"origin": [0.22813, 12.4625, 7.2375],
							"size": [0.1125, 0.1125, 0.0125],
							"uv": {
								"north": {"uv": [32, 33], "uv_size": [0.125, 0.125]},
								"east": {"uv": [22, 34], "uv_size": [0.03125, 0.125]},
								"south": {"uv": [33, 32], "uv_size": [0.125, 0.125]},
								"west": {"uv": [34, 22], "uv_size": [0.03125, 0.125]},
								"up": {"uv": [23, 34], "uv_size": [0.125, 0.03125]}
							}
						},
						{
							"origin": [-0.08437, 11.175, -4.4625],
							"size": [0.2, 1.6, 0.9625],
							"pivot": [0.91563, 11.375, -3.9],
							"rotation": [47.5, 0, 0],
							"uv": {
								"north": {"uv": [30, 1], "uv_size": [0.1875, 1.59375]},
								"east": {"uv": [8, 13], "uv_size": [0.96875, 1.59375]},
								"south": {"uv": [2, 30], "uv_size": [0.1875, 1.59375]},
								"west": {"uv": [9, 22], "uv_size": [0.96875, 1.59375]},
								"up": {"uv": [31, 30], "uv_size": [0.1875, 0.96875]}
							}
						}
					]
				},
				{
					"name": "magazine",
					"parent": "com15",
					"pivot": [0.49063, 0, 0.6]
				},
				{
					"name": "mag_standrad",
					"parent": "magazine",
					"pivot": [0.49063, 0.9375, 0.35],
					"cubes": [
						{
							"origin": [-0.69687, 4.5, 3.775],
							"size": [1.4375, 5, 2.8125],
							"pivot": [0.49063, 4.5, 3.7125],
							"rotation": [17.5, 0, 0],
							"uv": {
								"north": {"uv": [13, 11], "uv_size": [1.4375, 5]},
								"east": {"uv": [0, 6], "uv_size": [2.8125, 5]},
								"south": {"uv": [14, 6], "uv_size": [1.4375, 5]},
								"west": {"uv": [3, 6], "uv_size": [2.8125, 5]},
								"up": {"uv": [17, 16], "uv_size": [1.4375, 2.8125]},
								"down": {"uv": [0, 20.8125], "uv_size": [1.4375, -2.8125]}
							}
						},
						{
							"origin": [-0.80525, 3.71874, 3.76047],
							"size": [1.69945, 0.24909, 2.93203],
							"pivot": [0, 4.3125, 1.8125],
							"rotation": [17, 0, 0],
							"uv": {
								"north": {"uv": [30, 32], "uv_size": [0.25, 0.25]},
								"east": {"uv": [25, 15], "uv_size": [2.9375, 0.25]},
								"south": {"uv": [28, 15], "uv_size": [1.6875, 0.25]},
								"west": {"uv": [25, 17], "uv_size": [2.9375, 0.25]},
								"up": {"uv": [13, 16], "uv_size": [1.6875, 2.9375]},
								"down": {"uv": [15, 18.9375], "uv_size": [1.6875, -2.9375]}
							}
						},
						{
							"origin": [-2.59961, 3.47781, 2.58598],
							"size": [0.3877, 0.24749, 0.20824],
							"pivot": [-0.30393, 3.89581, 1.20622],
							"rotation": [25.90051, 44.97294, 18.94213],
							"uv": {
								"north": {"uv": [23, 32], "uv_size": [0.375, 0.25]},
								"east": {"uv": [30, 32], "uv_size": [0.25, 0.25]},
								"south": {"uv": [30, 32], "uv_size": [0.25, 0.25]},
								"west": {"uv": [30, 32], "uv_size": [0.25, 0.25]},
								"up": {"uv": [26, 32], "uv_size": [0.375, 0.21875]},
								"down": {"uv": [32, 26.21875], "uv_size": [0.375, -0.21875]}
							}
						},
						{
							"origin": [-0.55525, 3.4995, 3.498],
							"size": [1.16631, 0.24749, 0.257],
							"pivot": [0, 4.0625, 1.25],
							"rotation": [18, 0, 0],
							"uv": {
								"north": {"uv": [3, 30], "uv_size": [1.15625, 0.25]},
								"east": {"uv": [30, 32], "uv_size": [0.25, 0.25]},
								"south": {"uv": [30, 32], "uv_size": [0.25, 0.25]},
								"west": {"uv": [30, 32], "uv_size": [0.25, 0.25]},
								"up": {"uv": [30, 3], "uv_size": [1.15625, 0.25]},
								"down": {"uv": [30, 4.25], "uv_size": [1.15625, -0.25]}
							}
						},
						{
							"origin": [2.18625, 3.40745, 2.7099],
							"size": [0.41343, 0.24855, 0.2036],
							"pivot": [0.38075, 3.855, 1.2385],
							"rotation": [27.67906, -42.2602, -17.17204],
							"uv": {
								"north": {"uv": [20, 32], "uv_size": [0.40625, 0.25]},
								"east": {"uv": [30, 32], "uv_size": [0.25, 0.25]},
								"south": {"uv": [30, 32], "uv_size": [0.25, 0.25]},
								"west": {"uv": [30, 32], "uv_size": [0.25, 0.25]},
								"up": {"uv": [24, 32], "uv_size": [0.40625, 0.21875]},
								"down": {"uv": [25, 32.21875], "uv_size": [0.40625, -0.21875]}
							}
						}
					]
				},
				{
					"name": "mag_extended_1",
					"parent": "magazine",
					"pivot": [0.49063, 0, 0.6],
					"cubes": [
						{
							"origin": [-0.75937, 4.0625, 3.525],
							"size": [1.5, 6, 2.9375],
							"pivot": [0.49063, 5.0625, 3.525],
							"rotation": [17.5, 0, 0],
							"uv": {
								"north": {"uv": [2, 14], "uv_size": [2, 5]},
								"east": {"uv": [3, 9], "uv_size": [3, 5]},
								"south": {"uv": [4, 14], "uv_size": [2, 5]},
								"west": {"uv": [9, 4], "uv_size": [3, 5]},
								"up": {"uv": [6, 15], "uv_size": [2, 3]},
								"down": {"uv": [13, 18], "uv_size": [2, -3]}
							}
						},
						{
							"origin": [-0.80525, 3.40624, 3.82297],
							"size": [1.69945, 0.24909, 2.93203],
							"pivot": [0, 4, 1.875],
							"rotation": [17, 0, 0],
							"uv": {
								"north": {"uv": [25, 31], "uv_size": [0.25, 0.25]},
								"east": {"uv": [25, 8], "uv_size": [2.875, 0.25]},
								"south": {"uv": [27, 11], "uv_size": [1.75, 0.25]},
								"west": {"uv": [25, 9], "uv_size": [2.875, 0.25]},
								"up": {"uv": [15, 12], "uv_size": [1.75, 2.875]},
								"down": {"uv": [15, 17.875], "uv_size": [1.75, -2.875]}
							}
						},
						{
							"origin": [-2.59961, 3.16531, 2.64848],
							"size": [0.3877, 0.24749, 0.20824],
							"pivot": [-0.30393, 3.58331, 1.26872],
							"rotation": [25.90051, 44.97294, 18.94213],
							"uv": {
								"north": {"uv": [31, 22], "uv_size": [0.375, 0.25]},
								"east": {"uv": [25, 31], "uv_size": [0.25, 0.25]},
								"south": {"uv": [25, 31], "uv_size": [0.25, 0.25]},
								"west": {"uv": [25, 31], "uv_size": [0.25, 0.25]},
								"up": {"uv": [23, 31], "uv_size": [0.375, 0.25]},
								"down": {"uv": [31, 23.25], "uv_size": [0.375, -0.25]}
							}
						},
						{
							"origin": [-0.55525, 3.187, 3.5605],
							"size": [1.16631, 0.24749, 0.257],
							"pivot": [0, 3.75, 1.3125],
							"rotation": [18, 0, 0],
							"uv": {
								"north": {"uv": [29, 9], "uv_size": [1.125, 0.25]},
								"east": {"uv": [25, 31], "uv_size": [0.25, 0.25]},
								"south": {"uv": [25, 31], "uv_size": [0.25, 0.25]},
								"west": {"uv": [25, 31], "uv_size": [0.25, 0.25]},
								"up": {"uv": [10, 29], "uv_size": [1.125, 0.25]},
								"down": {"uv": [29, 10.25], "uv_size": [1.125, -0.25]}
							}
						},
						{
							"origin": [2.18625, 3.09495, 2.7724],
							"size": [0.41343, 0.24855, 0.2036],
							"pivot": [0.38075, 3.5425, 1.301],
							"rotation": [27.67906, -42.2602, -17.17204],
							"uv": {
								"north": {"uv": [21, 31], "uv_size": [0.375, 0.25]},
								"east": {"uv": [25, 31], "uv_size": [0.25, 0.25]},
								"south": {"uv": [25, 31], "uv_size": [0.25, 0.25]},
								"west": {"uv": [25, 31], "uv_size": [0.25, 0.25]},
								"up": {"uv": [31, 21], "uv_size": [0.375, 0.25]},
								"down": {"uv": [22, 31.25], "uv_size": [0.375, -0.25]}
							}
						}
					]
				},
				{
					"name": "bullet_in_mag",
					"parent": "magazine",
					"pivot": [0.49063, -0.3125, 0.6],
					"cubes": [
						{
							"origin": [-0.28232, 11.275, 0.33311],
							"size": [0.25, 0.3125, 0.5625],
							"uv": {
								"north": {"uv": [32, 28], "uv_size": [0.25, 0.3125]},
								"east": {"uv": [31, 31], "uv_size": [0.5625, 0.3125]},
								"south": {"uv": [29, 32], "uv_size": [0.25, 0.3125]},
								"up": {"uv": [32, 9], "uv_size": [0.25, 0.5625]},
								"down": {"uv": [32, 10.5625], "uv_size": [0.25, -0.5625]}
							}
						}
					]
				},
				{
					"name": "muzzle_flash",
					"parent": "com15",
					"pivot": [0.01563, 10.875, -8]
				},
				{
					"name": "constraint",
					"parent": "com15",
					"pivot": [0.01563, 12.5625, -5.1875]
				},
				{
					"name": "ammo_count_text_pos",
					"parent": "com15",
					"pivot": [0.875, 10, 3.875],
					"rotation": [0, 90, 0]
				},
				{
					"name": "ammo_count_text_pos1",
					"parent": "com15",
					"pivot": [-0.8125, 10, 3.875],
					"rotation": [0, 90, 0]
				},
				{
					"name": "laser_pos",
					"parent": "com15",
					"pivot": [0, 9.875, -4.8125],
					"rotation": [0, 0, -180]
				}
			]
		}
	]
}